id_observacion,fecha,semana,id_area,rol_observador_id,rol_observado_id,tarea_id,tipo_observacion,estado,riesgo_id,is_control_critico,control_critico_id
OBS_000004,11/11/2024,1,CHP,CHP_ROL_06,CHP_ROL_06,CHP_TA_017,OPG,OPG+,,FALSE,
OBS_000001,11/11/2024,1,MRA,MRA_ROL_07,MRA_ROL_07,MRA_TA_016,OPG,OPG+,,FALSE,
OBS_000002,11/11/2024,1,MRA,MRA_ROL_06,MRA_ROL_06,MRA_TA_020,OPG,OPG+,,FALSE,
OBS_000003,11/11/2024,1,MRA,MRA_ROL_06,MRA_ROL_06,MRA_TA_012,OPG,OPG+,,FALSE,
OBS_000005,11/11/2024,1,PLC,PLC_ROL_04,PLC_ROL_04,PLC_TA_015,OPG,OPG+,,FALSE,
OBS_000006,11/11/2024,1,PLC,PLC_ROL_08,PLC_ROL_08,PLC_TA_008,OPG,OPG+,,FALSE,
OBS_000007,11/11/2024,1,STM,STM_ROL_05,STM_ROL_05,STM_TA_013,OPG,OPG+,,FALSE,
OBS_000945,11/11/2024,1,STM,STM_ROL_04,STM_ROL_02,STM_TA_016,OCC,OCC+,R02,TRUE,R02CC02
OBS_000008,11/11/2024,1,TME,TME_ROL_04,TME_ROL_04,TME_TA_006,OPG,OPG+,,FALSE,
OBS_000009,11/11/2024,1,TME,TME_ROL_06,TME_ROL_06,TME_TA_007,OPG,OPG+,,FALSE,
OBS_000013,11/12/2024,1,CHP,CHP_ROL_04,CHP_ROL_04,CHP_TA_019,OPG,OPG+,,FALSE,
OBS_000010,11/12/2024,1,MRA,MRA_ROL_08,MRA_ROL_08,MRA_TA_016,OPG,OPG+,,FALSE,
OBS_000011,11/12/2024,1,MRA,MRA_ROL_08,MRA_ROL_08,MRA_TA_001,OPG,OPG+,,FALSE,
OBS_000012,11/12/2024,1,MRA,MRA_ROL_07,MRA_ROL_07,MRA_TA_017,OPG,OPG+,,FALSE,
OBS_000934,11/12/2024,1,MRA,MRA_ROL_08,MRA_ROL_02,MRA_TA_022,OCC,OCC+,R01,TRUE,R01CC06
OBS_000946,11/12/2024,1,MRA,MRA_ROL_08,MRA_ROL_05,MRA_TA_002,OCC,OCC+,R02,TRUE,R02CM01
OBS_000014,11/12/2024,1,PLC,PLC_ROL_05,PLC_ROL_05,PLC_TA_016,OPG,OPG+,,FALSE,
OBS_000015,11/12/2024,1,STM,STM_ROL_08,STM_ROL_08,STM_TA_010,OPG,OPG+,,FALSE,
OBS_000016,11/12/2024,1,STM,STM_ROL_02,STM_ROL_02,STM_TA_014,OPG,OPG+,,FALSE,
OBS_000017,11/12/2024,1,STM,STM_ROL_05,STM_ROL_05,STM_TA_012,OPG,OPG+,,FALSE,
OBS_000936,11/12/2024,1,STM,STM_ROL_08,STM_ROL_04,STM_TA_011,OCC,OCC-,R01,TRUE,R01CC05
OBS_000018,11/12/2024,1,TME,TME_ROL_01,TME_ROL_01,TME_TA_013,OPG,OPG-,,FALSE,
OBS_000019,11/12/2024,1,TME,TME_ROL_04,TME_ROL_04,TME_TA_012,OPG,OPG+,,FALSE,
OBS_000944,11/12/2024,1,TME,TME_ROL_02,TME_ROL_02,TME_TA_003,OCC,OCC+,R02,TRUE,R02CP05
OBS_000022,11/13/2024,1,CHP,CHP_ROL_03,CHP_ROL_03,CHP_TA_004,OPG,OPG+,,FALSE,
OBS_000947,11/13/2024,1,CHP,CHP_ROL_04,CHP_ROL_08,CHP_TA_003,OCC,OCC-,R03,TRUE,R03CC01
OBS_000020,11/13/2024,1,MRA,MRA_ROL_07,MRA_ROL_07,MRA_TA_017,OPG,OPG+,,FALSE,
OBS_000021,11/13/2024,1,MRA,MRA_ROL_05,MRA_ROL_05,MRA_TA_020,OPG,OPG+,,FALSE,
OBS_000023,11/13/2024,1,PLC,PLC_ROL_09,PLC_ROL_09,PLC_TA_012,OPG,OPG+,,FALSE,
OBS_000024,11/13/2024,1,PLC,PLC_ROL_04,PLC_ROL_04,PLC_TA_017,OPG,OPG+,,FALSE,
OBS_000940,11/13/2024,1,PLC,PLC_ROL_02,PLC_ROL_09,PLC_TA_005,OCC,OCC+,R01,TRUE,R01CC06
OBS_000025,11/13/2024,1,STM,STM_ROL_01,STM_ROL_01,STM_TA_002,OPG,OPG+,,FALSE,
OBS_000938,11/13/2024,1,STM,STM_ROL_08,STM_ROL_08,STM_TA_018,OCC,OCC+,R01,TRUE,R01CC02
OBS_000026,11/13/2024,1,TME,TME_ROL_08,TME_ROL_08,TME_TA_015,OPG,OPG+,,FALSE,
OBS_000027,11/13/2024,1,TME,TME_ROL_03,TME_ROL_03,TME_TA_011,OPG,OPG+,,FALSE,
OBS_000939,11/13/2024,1,TME,TME_ROL_06,TME_ROL_06,TME_TA_015,OCC,OCC+,R01,TRUE,R01CC06
OBS_000031,11/14/2024,1,CHP,CHP_ROL_06,CHP_ROL_06,CHP_TA_011,OPG,OPG+,,FALSE,
OBS_000028,11/14/2024,1,MRA,MRA_ROL_03,MRA_ROL_03,MRA_TA_013,OPG,OPG+,,FALSE,
OBS_000029,11/14/2024,1,MRA,MRA_ROL_05,MRA_ROL_05,MRA_TA_019,OPG,OPG+,,FALSE,
OBS_000030,11/14/2024,1,MRA,MRA_ROL_08,MRA_ROL_08,MRA_TA_019,OPG,OPG+,,FALSE,
OBS_000941,11/14/2024,1,MRA,MRA_ROL_08,MRA_ROL_01,MRA_TA_021,OCC,OCC+,R01,TRUE,R01CP06
OBS_000032,11/14/2024,1,PLC,PLC_ROL_10,PLC_ROL_10,PLC_TA_010,OPG,OPG+,,FALSE,
OBS_000033,11/14/2024,1,PLC,PLC_ROL_12,PLC_ROL_12,PLC_TA_001,OPG,OPG+,,FALSE,
OBS_000948,11/14/2024,1,PLC,PLC_ROL_06,PLC_ROL_12,PLC_TA_002,OCC,OCC+,R03,TRUE,R03CM02
OBS_000034,11/14/2024,1,STM,STM_ROL_04,STM_ROL_04,STM_TA_002,OPG,OPG+,,FALSE,
OBS_000035,11/14/2024,1,STM,STM_ROL_03,STM_ROL_03,STM_TA_017,OPG,OPG+,,FALSE,
OBS_000036,11/14/2024,1,TME,TME_ROL_07,TME_ROL_07,TME_TA_005,OPG,OPG+,,FALSE,
OBS_000037,11/14/2024,1,TME,TME_ROL_04,TME_ROL_04,TME_TA_002,OPG,OPG+,,FALSE,
OBS_000038,11/14/2024,1,TME,TME_ROL_02,TME_ROL_02,TME_TA_007,OPG,OPG-,,FALSE,
OBS_000042,11/15/2024,1,CHP,CHP_ROL_04,CHP_ROL_04,CHP_TA_018,OPG,OPG+,,FALSE,
OBS_000043,11/15/2024,1,CHP,CHP_ROL_08,CHP_ROL_08,CHP_TA_017,OPG,OPG+,,FALSE,
OBS_000044,11/15/2024,1,CHP,CHP_ROL_03,CHP_ROL_03,CHP_TA_015,OPG,OPG+,,FALSE,
OBS_000942,11/15/2024,1,CHP,CHP_ROL_06,CHP_ROL_04,CHP_TA_011,OCC,OCC+,R02,TRUE,R02CC01
OBS_000039,11/15/2024,1,MRA,MRA_ROL_07,MRA_ROL_07,MRA_TA_005,OPG,OPG+,,FALSE,
OBS_000040,11/15/2024,1,MRA,MRA_ROL_04,MRA_ROL_04,MRA_TA_014,OPG,OPG+,,FALSE,
OBS_000041,11/15/2024,1,MRA,MRA_ROL_08,MRA_ROL_08,MRA_TA_002,OPG,OPG+,,FALSE,
OBS_000935,11/15/2024,1,MRA,MRA_ROL_01,MRA_ROL_06,MRA_TA_021,OCC,OCC-,R01,TRUE,R01CC02
OBS_000045,11/15/2024,1,PLC,PLC_ROL_09,PLC_ROL_09,PLC_TA_012,OPG,OPG+,,FALSE,
OBS_000046,11/15/2024,1,PLC,PLC_ROL_12,PLC_ROL_12,PLC_TA_009,OPG,OPG+,,FALSE,
OBS_000047,11/15/2024,1,STM,STM_ROL_04,STM_ROL_04,STM_TA_009,OPG,OPG+,,FALSE,
OBS_000937,11/15/2024,1,STM,STM_ROL_04,STM_ROL_01,STM_TA_013,OCC,OCC-,R01,TRUE,R01CM03
OBS_000048,11/15/2024,1,TME,TME_ROL_05,TME_ROL_05,TME_TA_010,OPG,OPG+,,FALSE,
OBS_000053,11/16/2024,1,CHP,CHP_ROL_02,CHP_ROL_02,CHP_TA_012,OPG,OPG+,,FALSE,
OBS_000054,11/16/2024,1,CHP,CHP_ROL_05,CHP_ROL_05,CHP_TA_016,OPG,OPG+,,FALSE,
OBS_000055,11/16/2024,1,CHP,CHP_ROL_09,CHP_ROL_09,CHP_TA_009,OPG,OPG+,,FALSE,
OBS_000049,11/16/2024,1,MRA,MRA_ROL_08,MRA_ROL_08,MRA_TA_011,OPG,OPG+,,FALSE,
OBS_000050,11/16/2024,1,MRA,MRA_ROL_05,MRA_ROL_05,MRA_TA_010,OPG,OPG+,,FALSE,
OBS_000051,11/16/2024,1,MRA,MRA_ROL_07,MRA_ROL_07,MRA_TA_013,OPG,OPG+,,FALSE,
OBS_000052,11/16/2024,1,MRA,MRA_ROL_03,MRA_ROL_03,MRA_TA_010,OPG,OPG-,,FALSE,
OBS_000943,11/16/2024,1,MRA,MRA_ROL_04,MRA_ROL_08,MRA_TA_018,OCC,OCC-,R02,TRUE,R02CM01
OBS_000056,11/16/2024,1,PLC,PLC_ROL_05,PLC_ROL_05,PLC_TA_005,OPG,OPG+,,FALSE,
OBS_000057,11/16/2024,1,PLC,PLC_ROL_12,PLC_ROL_12,PLC_TA_019,OPG,OPG+,,FALSE,
OBS_000058,11/16/2024,1,PLC,PLC_ROL_01,PLC_ROL_01,PLC_TA_017,OPG,OPG+,,FALSE,
OBS_000059,11/16/2024,1,STM,STM_ROL_01,STM_ROL_01,STM_TA_004,OPG,OPG+,,FALSE,
OBS_000060,11/16/2024,1,TME,TME_ROL_08,TME_ROL_08,TME_TA_004,OPG,OPG+,,FALSE,
OBS_000061,11/16/2024,1,TME,TME_ROL_03,TME_ROL_03,TME_TA_001,OPG,OPG+,,FALSE,
OBS_000062,11/16/2024,1,TME,TME_ROL_03,TME_ROL_03,TME_TA_014,OPG,OPG+,,FALSE,
OBS_000066,11/17/2024,1,CHP,CHP_ROL_09,CHP_ROL_09,CHP_TA_002,OPG,OPG+,,FALSE,
OBS_000063,11/17/2024,1,MRA,MRA_ROL_08,MRA_ROL_08,MRA_TA_021,OPG,OPG+,,FALSE,
OBS_000064,11/17/2024,1,MRA,MRA_ROL_05,MRA_ROL_05,MRA_TA_011,OPG,OPG+,,FALSE,
OBS_000065,11/17/2024,1,MRA,MRA_ROL_01,MRA_ROL_01,MRA_TA_003,OPG,OPG+,,FALSE,
OBS_000067,11/17/2024,1,PLC,PLC_ROL_07,PLC_ROL_07,PLC_TA_006,OPG,OPG+,,FALSE,
OBS_000068,11/17/2024,1,STM,STM_ROL_07,STM_ROL_07,STM_TA_016,OPG,OPG+,,FALSE,
OBS_000949,11/17/2024,1,STM,STM_ROL_05,STM_ROL_02,STM_TA_007,OCC,OCC+,R03,TRUE,R03CC03
OBS_000069,11/17/2024,1,TME,TME_ROL_05,TME_ROL_05,TME_TA_002,OPG,OPG-,,FALSE,
OBS_000070,11/17/2024,1,TME,TME_ROL_02,TME_ROL_02,TME_TA_011,OPG,OPG+,,FALSE,
OBS_000071,11/17/2024,1,TME,TME_ROL_08,TME_ROL_08,TME_TA_005,OPG,OPG+,,FALSE,
OBS_000075,11/18/2024,2,CHP,CHP_ROL_05,CHP_ROL_05,CHP_TA_019,OPG,OPG+,,FALSE,
OBS_000076,11/18/2024,2,CHP,CHP_ROL_04,CHP_ROL_04,CHP_TA_006,OPG,OPG+,,FALSE,
OBS_000072,11/18/2024,2,MRA,MRA_ROL_05,MRA_ROL_05,MRA_TA_007,OPG,OPG+,,FALSE,
OBS_000073,11/18/2024,2,MRA,MRA_ROL_06,MRA_ROL_06,MRA_TA_006,OPG,OPG+,,FALSE,
OBS_000074,11/18/2024,2,MRA,MRA_ROL_05,MRA_ROL_05,MRA_TA_006,OPG,OPG-,,FALSE,
OBS_000077,11/18/2024,2,PLC,PLC_ROL_07,PLC_ROL_07,PLC_TA_014,OPG,OPG+,,FALSE,
OBS_000078,11/18/2024,2,PLC,PLC_ROL_02,PLC_ROL_02,PLC_TA_013,OPG,OPG+,,FALSE,
OBS_000079,11/18/2024,2,PLC,PLC_ROL_03,PLC_ROL_03,PLC_TA_005,OPG,OPG+,,FALSE,
OBS_000963,11/18/2024,2,PLC,PLC_ROL_06,PLC_ROL_07,PLC_TA_014,OCC,OCC-,R03,TRUE,R03CP05
OBS_000080,11/18/2024,2,STM,STM_ROL_01,STM_ROL_01,STM_TA_009,OPG,OPG+,,FALSE,
OBS_000081,11/18/2024,2,TME,TME_ROL_05,TME_ROL_05,TME_TA_011,OPG,OPG+,,FALSE,
OBS_000082,11/18/2024,2,TME,TME_ROL_01,TME_ROL_01,TME_TA_009,OPG,OPG+,,FALSE,
OBS_000961,11/18/2024,2,TME,TME_ROL_02,TME_ROL_06,TME_TA_016,OCC,OCC+,R02,TRUE,R02CP01
OBS_000087,11/19/2024,2,CHP,CHP_ROL_03,CHP_ROL_03,CHP_TA_016,OPG,OPG+,,FALSE,
OBS_000960,11/19/2024,2,CHP,CHP_ROL_04,CHP_ROL_05,CHP_TA_010,OCC,OCC-,R02,TRUE,R02CP02
OBS_000083,11/19/2024,2,MRA,MRA_ROL_04,MRA_ROL_04,MRA_TA_002,OPG,OPG+,,FALSE,
OBS_000084,11/19/2024,2,MRA,MRA_ROL_08,MRA_ROL_08,MRA_TA_010,OPG,OPG+,,FALSE,
OBS_000085,11/19/2024,2,MRA,MRA_ROL_05,MRA_ROL_05,MRA_TA_004,OPG,OPG+,,FALSE,
OBS_000086,11/19/2024,2,MRA,MRA_ROL_05,MRA_ROL_05,MRA_TA_012,OPG,OPG+,,FALSE,
OBS_000088,11/19/2024,2,PLC,PLC_ROL_10,PLC_ROL_10,PLC_TA_012,OPG,OPG+,,FALSE,
OBS_000089,11/19/2024,2,PLC,PLC_ROL_09,PLC_ROL_09,PLC_TA_016,OPG,OPG+,,FALSE,
OBS_000090,11/19/2024,2,PLC,PLC_ROL_11,PLC_ROL_11,PLC_TA_007,OPG,OPG+,,FALSE,
OBS_000091,11/19/2024,2,STM,STM_ROL_02,STM_ROL_02,STM_TA_017,OPG,OPG+,,FALSE,
OBS_000092,11/19/2024,2,STM,STM_ROL_06,STM_ROL_06,STM_TA_003,OPG,OPG+,,FALSE,
OBS_000093,11/19/2024,2,STM,STM_ROL_02,STM_ROL_02,STM_TA_002,OPG,OPG+,,FALSE,
OBS_000094,11/19/2024,2,TME,TME_ROL_04,TME_ROL_04,TME_TA_005,OPG,OPG+,,FALSE,
OBS_000095,11/19/2024,2,TME,TME_ROL_08,TME_ROL_08,TME_TA_004,OPG,OPG+,,FALSE,
OBS_000096,11/19/2024,2,TME,TME_ROL_08,TME_ROL_08,TME_TA_003,OPG,OPG+,,FALSE,
OBS_000962,11/19/2024,2,TME,TME_ROL_05,TME_ROL_01,TME_TA_013,OCC,OCC-,R02,TRUE,R02CC04
OBS_000100,11/20/2024,2,CHP,CHP_ROL_01,CHP_ROL_01,CHP_TA_013,OPG,OPG+,,FALSE,
OBS_000101,11/20/2024,2,CHP,CHP_ROL_01,CHP_ROL_01,CHP_TA_007,OPG,OPG+,,FALSE,
OBS_000102,11/20/2024,2,CHP,CHP_ROL_01,CHP_ROL_01,CHP_TA_014,OPG,OPG+,,FALSE,
OBS_000097,11/20/2024,2,MRA,MRA_ROL_01,MRA_ROL_01,MRA_TA_015,OPG,OPG+,,FALSE,
OBS_000098,11/20/2024,2,MRA,MRA_ROL_07,MRA_ROL_07,MRA_TA_015,OPG,OPG+,,FALSE,
OBS_000099,11/20/2024,2,MRA,MRA_ROL_08,MRA_ROL_08,MRA_TA_022,OPG,OPG+,,FALSE,
OBS_000103,11/20/2024,2,PLC,PLC_ROL_09,PLC_ROL_09,PLC_TA_002,OPG,OPG+,,FALSE,
OBS_000104,11/20/2024,2,STM,STM_ROL_08,STM_ROL_08,STM_TA_002,OPG,OPG+,,FALSE,
OBS_000105,11/20/2024,2,TME,TME_ROL_03,TME_ROL_03,TME_TA_014,OPG,OPG+,,FALSE,
OBS_000954,11/20/2024,2,TME,TME_ROL_07,TME_ROL_07,TME_TA_011,OCC,OCC-,R01,TRUE,R01CP06
OBS_000109,11/21/2024,2,CHP,CHP_ROL_09,CHP_ROL_09,CHP_TA_005,OPG,OPG+,,FALSE,
OBS_000110,11/21/2024,2,CHP,CHP_ROL_04,CHP_ROL_04,CHP_TA_001,OPG,OPG+,,FALSE,
OBS_000106,11/21/2024,2,MRA,MRA_ROL_08,MRA_ROL_08,MRA_TA_013,OPG,OPG+,,FALSE,
OBS_000107,11/21/2024,2,MRA,MRA_ROL_03,MRA_ROL_03,MRA_TA_021,OPG,OPG+,,FALSE,
OBS_000108,11/21/2024,2,MRA,MRA_ROL_02,MRA_ROL_02,MRA_TA_006,OPG,OPG+,,FALSE,
OBS_000111,11/21/2024,2,PLC,PLC_ROL_08,PLC_ROL_08,PLC_TA_018,OPG,OPG+,,FALSE,
OBS_000112,11/21/2024,2,PLC,PLC_ROL_07,PLC_ROL_07,PLC_TA_008,OPG,OPG+,,FALSE,
OBS_000956,11/21/2024,2,PLC,PLC_ROL_05,PLC_ROL_10,PLC_TA_001,OCC,OCC+,R01,TRUE,R01CC02
OBS_000113,11/21/2024,2,STM,STM_ROL_03,STM_ROL_03,STM_TA_009,OPG,OPG+,,FALSE,
OBS_000114,11/21/2024,2,STM,STM_ROL_02,STM_ROL_02,STM_TA_002,OPG,OPG+,,FALSE,
OBS_000115,11/21/2024,2,TME,TME_ROL_01,TME_ROL_01,TME_TA_008,OPG,OPG+,,FALSE,
OBS_000116,11/21/2024,2,TME,TME_ROL_02,TME_ROL_02,TME_TA_002,OPG,OPG+,,FALSE,
OBS_000121,11/22/2024,2,CHP,CHP_ROL_06,CHP_ROL_06,CHP_TA_019,OPG,OPG+,,FALSE,
OBS_000122,11/22/2024,2,CHP,CHP_ROL_06,CHP_ROL_06,CHP_TA_008,OPG,OPG+,,FALSE,
OBS_000123,11/22/2024,2,CHP,CHP_ROL_03,CHP_ROL_03,CHP_TA_017,OPG,OPG+,,FALSE,
OBS_000953,11/22/2024,2,CHP,CHP_ROL_09,CHP_ROL_08,CHP_TA_012,OCC,OCC+,R01,TRUE,R01CC06
OBS_000117,11/22/2024,2,MRA,MRA_ROL_01,MRA_ROL_01,MRA_TA_008,OPG,OPG+,,FALSE,
OBS_000118,11/22/2024,2,MRA,MRA_ROL_07,MRA_ROL_07,MRA_TA_015,OPG,OPG+,,FALSE,
OBS_000119,11/22/2024,2,MRA,MRA_ROL_04,MRA_ROL_04,MRA_TA_002,OPG,OPG+,,FALSE,
OBS_000120,11/22/2024,2,MRA,MRA_ROL_05,MRA_ROL_05,MRA_TA_008,OPG,OPG+,,FALSE,
OBS_000950,11/22/2024,2,MRA,MRA_ROL_04,MRA_ROL_04,MRA_TA_017,OCC,OCC-,R01,TRUE,R01CM01
OBS_000952,11/22/2024,2,MRA,MRA_ROL_02,MRA_ROL_03,MRA_TA_006,OCC,OCC+,R01,TRUE,R01CM02
OBS_000955,11/22/2024,2,MRA,MRA_ROL_05,MRA_ROL_06,MRA_TA_015,OCC,OCC+,R01,TRUE,R01CM01
OBS_000957,11/22/2024,2,MRA,MRA_ROL_05,MRA_ROL_04,MRA_TA_007,OCC,OCC-,R01,TRUE,R01CC01
OBS_000965,11/22/2024,2,MRA,MRA_ROL_06,MRA_ROL_04,MRA_TA_005,OCC,OCC+,R03,TRUE,R03CC05
OBS_000124,11/22/2024,2,PLC,PLC_ROL_05,PLC_ROL_05,PLC_TA_002,OPG,OPG+,,FALSE,
OBS_000125,11/22/2024,2,PLC,PLC_ROL_10,PLC_ROL_10,PLC_TA_006,OPG,OPG+,,FALSE,
OBS_000959,11/22/2024,2,PLC,PLC_ROL_08,PLC_ROL_06,PLC_TA_005,OCC,OCC+,R02,TRUE,R02CC02
OBS_000126,11/22/2024,2,STM,STM_ROL_08,STM_ROL_08,STM_TA_002,OPG,OPG+,,FALSE,
OBS_000127,11/22/2024,2,STM,STM_ROL_07,STM_ROL_07,STM_TA_017,OPG,OPG+,,FALSE,
OBS_000128,11/22/2024,2,TME,TME_ROL_07,TME_ROL_07,TME_TA_005,OPG,OPG+,,FALSE,
OBS_000129,11/22/2024,2,TME,TME_ROL_03,TME_ROL_03,TME_TA_016,OPG,OPG+,,FALSE,
OBS_000132,11/23/2024,2,CHP,CHP_ROL_09,CHP_ROL_09,CHP_TA_017,OPG,OPG+,,FALSE,
OBS_000133,11/23/2024,2,CHP,CHP_ROL_04,CHP_ROL_04,CHP_TA_009,OPG,OPG+,,FALSE,
OBS_000130,11/23/2024,2,MRA,MRA_ROL_05,MRA_ROL_05,MRA_TA_005,OPG,OPG+,,FALSE,
OBS_000131,11/23/2024,2,MRA,MRA_ROL_01,MRA_ROL_01,MRA_TA_018,OPG,OPG+,,FALSE,
OBS_000951,11/23/2024,2,MRA,MRA_ROL_07,MRA_ROL_02,MRA_TA_021,OCC,OCC+,R01,TRUE,R01CC06
OBS_000134,11/23/2024,2,PLC,PLC_ROL_02,PLC_ROL_02,PLC_TA_015,OPG,OPG+,,FALSE,
OBS_000135,11/23/2024,2,PLC,PLC_ROL_02,PLC_ROL_02,PLC_TA_018,OPG,OPG+,,FALSE,
OBS_000136,11/23/2024,2,PLC,PLC_ROL_04,PLC_ROL_04,PLC_TA_002,OPG,OPG+,,FALSE,
OBS_000137,11/23/2024,2,STM,STM_ROL_01,STM_ROL_01,STM_TA_003,OPG,OPG+,,FALSE,
OBS_000138,11/23/2024,2,STM,STM_ROL_04,STM_ROL_04,STM_TA_016,OPG,OPG+,,FALSE,
OBS_000139,11/23/2024,2,STM,STM_ROL_06,STM_ROL_06,STM_TA_010,OPG,OPG+,,FALSE,
OBS_000140,11/23/2024,2,TME,TME_ROL_04,TME_ROL_04,TME_TA_007,OPG,OPG+,,FALSE,
OBS_000143,11/24/2024,2,CHP,CHP_ROL_06,CHP_ROL_06,CHP_TA_010,OPG,OPG+,,FALSE,
OBS_000144,11/24/2024,2,CHP,CHP_ROL_09,CHP_ROL_09,CHP_TA_012,OPG,OPG+,,FALSE,
OBS_000145,11/24/2024,2,CHP,CHP_ROL_06,CHP_ROL_06,CHP_TA_017,OPG,OPG+,,FALSE,
OBS_000958,11/24/2024,2,CHP,CHP_ROL_09,CHP_ROL_09,CHP_TA_018,OCC,OCC-,R02,TRUE,R02CP03
OBS_000141,11/24/2024,2,MRA,MRA_ROL_08,MRA_ROL_08,MRA_TA_008,OPG,OPG+,,FALSE,
OBS_000142,11/24/2024,2,MRA,MRA_ROL_04,MRA_ROL_04,MRA_TA_013,OPG,OPG+,,FALSE,
OBS_000964,11/24/2024,2,MRA,MRA_ROL_07,MRA_ROL_01,MRA_TA_010,OCC,OCC-,R03,TRUE,R03CC01
OBS_000146,11/24/2024,2,PLC,PLC_ROL_02,PLC_ROL_02,PLC_TA_016,OPG,OPG+,,FALSE,
OBS_000147,11/24/2024,2,PLC,PLC_ROL_06,PLC_ROL_06,PLC_TA_007,OPG,OPG+,,FALSE,
OBS_000148,11/24/2024,2,STM,STM_ROL_01,STM_ROL_01,STM_TA_019,OPG,OPG+,,FALSE,
OBS_000149,11/24/2024,2,STM,STM_ROL_03,STM_ROL_03,STM_TA_001,OPG,OPG+,,FALSE,
OBS_000150,11/24/2024,2,TME,TME_ROL_07,TME_ROL_07,TME_TA_010,OPG,OPG+,,FALSE,
OBS_000151,11/24/2024,2,TME,TME_ROL_06,TME_ROL_06,TME_TA_008,OPG,OPG+,,FALSE,
OBS_000152,11/24/2024,2,TME,TME_ROL_04,TME_ROL_04,TME_TA_016,OPG,OPG+,,FALSE,
OBS_000157,11/25/2024,3,CHP,CHP_ROL_08,CHP_ROL_08,CHP_TA_006,OPG,OPG+,,FALSE,
OBS_000158,11/25/2024,3,CHP,CHP_ROL_09,CHP_ROL_09,CHP_TA_002,OPG,OPG+,,FALSE,
OBS_000159,11/25/2024,3,CHP,CHP_ROL_02,CHP_ROL_02,CHP_TA_002,OPG,OPG+,,FALSE,
OBS_000153,11/25/2024,3,MRA,MRA_ROL_06,MRA_ROL_06,MRA_TA_009,OPG,OPG+,,FALSE,
OBS_000154,11/25/2024,3,MRA,MRA_ROL_08,MRA_ROL_08,MRA_TA_021,OPG,OPG+,,FALSE,
OBS_000155,11/25/2024,3,MRA,MRA_ROL_08,MRA_ROL_08,MRA_TA_006,OPG,OPG+,,FALSE,
OBS_000156,11/25/2024,3,MRA,MRA_ROL_06,MRA_ROL_06,MRA_TA_006,OPG,OPG+,,FALSE,
OBS_000160,11/25/2024,3,PLC,PLC_ROL_03,PLC_ROL_03,PLC_TA_008,OPG,OPG-,,FALSE,
OBS_000161,11/25/2024,3,PLC,PLC_ROL_03,PLC_ROL_03,PLC_TA_001,OPG,OPG+,,FALSE,
OBS_000162,11/25/2024,3,STM,STM_ROL_06,STM_ROL_06,STM_TA_002,OPG,OPG+,,FALSE,
OBS_000163,11/25/2024,3,STM,STM_ROL_08,STM_ROL_08,STM_TA_016,OPG,OPG-,,FALSE,
OBS_000966,11/25/2024,3,STM,STM_ROL_02,STM_ROL_04,STM_TA_014,OCC,OCC-,R01,TRUE,R01CM03
OBS_000164,11/25/2024,3,TME,TME_ROL_07,TME_ROL_07,TME_TA_001,OPG,OPG-,,FALSE,
OBS_000165,11/25/2024,3,TME,TME_ROL_05,TME_ROL_05,TME_TA_010,OPG,OPG-,,FALSE,
OBS_000166,11/25/2024,3,TME,TME_ROL_07,TME_ROL_07,TME_TA_006,OPG,OPG+,,FALSE,
OBS_000979,11/25/2024,3,TME,TME_ROL_02,TME_ROL_01,TME_TA_010,OCC,OCC+,R03,TRUE,R03CP06
OBS_000169,11/26/2024,3,CHP,CHP_ROL_02,CHP_ROL_02,CHP_TA_012,OPG,OPG+,,FALSE,
OBS_000170,11/26/2024,3,CHP,CHP_ROL_08,CHP_ROL_08,CHP_TA_019,OPG,OPG+,,FALSE,
OBS_000167,11/26/2024,3,MRA,MRA_ROL_03,MRA_ROL_03,MRA_TA_008,OPG,OPG+,,FALSE,
OBS_000168,11/26/2024,3,MRA,MRA_ROL_05,MRA_ROL_05,MRA_TA_012,OPG,OPG+,,FALSE,
OBS_000171,11/26/2024,3,PLC,PLC_ROL_04,PLC_ROL_04,PLC_TA_010,OPG,OPG+,,FALSE,
OBS_000172,11/26/2024,3,PLC,PLC_ROL_02,PLC_ROL_02,PLC_TA_002,OPG,OPG+,,FALSE,
OBS_000173,11/26/2024,3,PLC,PLC_ROL_07,PLC_ROL_07,PLC_TA_013,OPG,OPG+,,FALSE,
OBS_000174,11/26/2024,3,STM,STM_ROL_01,STM_ROL_01,STM_TA_006,OPG,OPG-,,FALSE,
OBS_000974,11/26/2024,3,STM,STM_ROL_02,STM_ROL_01,STM_TA_008,OCC,OCC+,R02,TRUE,R02CC03
OBS_000175,11/26/2024,3,TME,TME_ROL_06,TME_ROL_06,TME_TA_004,OPG,OPG+,,FALSE,
OBS_000176,11/26/2024,3,TME,TME_ROL_01,TME_ROL_01,TME_TA_008,OPG,OPG+,,FALSE,
OBS_000181,11/27/2024,3,CHP,CHP_ROL_03,CHP_ROL_03,CHP_TA_013,OPG,OPG+,,FALSE,
OBS_000182,11/27/2024,3,CHP,CHP_ROL_05,CHP_ROL_05,CHP_TA_006,OPG,OPG+,,FALSE,
OBS_000183,11/27/2024,3,CHP,CHP_ROL_07,CHP_ROL_07,CHP_TA_018,OPG,OPG+,,FALSE,
OBS_000978,11/27/2024,3,CHP,CHP_ROL_01,CHP_ROL_08,CHP_TA_001,OCC,OCC+,R02,TRUE,R02CP03
OBS_000177,11/27/2024,3,MRA,MRA_ROL_08,MRA_ROL_08,MRA_TA_009,OPG,OPG-,,FALSE,
OBS_000178,11/27/2024,3,MRA,MRA_ROL_02,MRA_ROL_02,MRA_TA_022,OPG,OPG+,,FALSE,
OBS_000179,11/27/2024,3,MRA,MRA_ROL_01,MRA_ROL_01,MRA_TA_006,OPG,OPG+,,FALSE,
OBS_000180,11/27/2024,3,MRA,MRA_ROL_06,MRA_ROL_06,MRA_TA_001,OPG,OPG+,,FALSE,
OBS_000972,11/27/2024,3,MRA,MRA_ROL_05,MRA_ROL_03,MRA_TA_012,OCC,OCC+,R01,TRUE,R01CC01
OBS_000184,11/27/2024,3,PLC,PLC_ROL_03,PLC_ROL_03,PLC_TA_003,OPG,OPG+,,FALSE,
OBS_000185,11/27/2024,3,PLC,PLC_ROL_06,PLC_ROL_06,PLC_TA_002,OPG,OPG+,,FALSE,
OBS_000186,11/27/2024,3,PLC,PLC_ROL_04,PLC_ROL_04,PLC_TA_003,OPG,OPG+,,FALSE,
OBS_000187,11/27/2024,3,STM,STM_ROL_07,STM_ROL_07,STM_TA_011,OPG,OPG-,,FALSE,
OBS_000188,11/27/2024,3,STM,STM_ROL_05,STM_ROL_05,STM_TA_015,OPG,OPG+,,FALSE,
OBS_000189,11/27/2024,3,STM,STM_ROL_06,STM_ROL_06,STM_TA_018,OPG,OPG+,,FALSE,
OBS_000967,11/27/2024,3,STM,STM_ROL_02,STM_ROL_08,STM_TA_019,OCC,OCC+,R01,TRUE,R01CP05
OBS_000971,11/27/2024,3,STM,STM_ROL_07,STM_ROL_07,STM_TA_012,OCC,OCC+,R01,TRUE,R01CC04
OBS_000190,11/27/2024,3,TME,TME_ROL_03,TME_ROL_03,TME_TA_013,OPG,OPG-,,FALSE,
OBS_000191,11/27/2024,3,TME,TME_ROL_05,TME_ROL_05,TME_TA_008,OPG,OPG+,,FALSE,
OBS_000976,11/27/2024,3,TME,TME_ROL_04,TME_ROL_04,TME_TA_009,OCC,OCC+,R02,TRUE,R02CP01
OBS_000981,11/27/2024,3,TME,TME_ROL_03,TME_ROL_04,TME_TA_015,OCC,OCC+,R03,TRUE,R03CC03
OBS_000194,11/28/2024,3,CHP,CHP_ROL_02,CHP_ROL_02,CHP_TA_001,OPG,OPG+,,FALSE,
OBS_000192,11/28/2024,3,MRA,MRA_ROL_05,MRA_ROL_05,MRA_TA_005,OPG,OPG+,,FALSE,
OBS_000193,11/28/2024,3,MRA,MRA_ROL_03,MRA_ROL_03,MRA_TA_013,OPG,OPG+,,FALSE,
OBS_000195,11/28/2024,3,PLC,PLC_ROL_06,PLC_ROL_06,PLC_TA_009,OPG,OPG+,,FALSE,
OBS_000196,11/28/2024,3,PLC,PLC_ROL_02,PLC_ROL_02,PLC_TA_006,OPG,OPG+,,FALSE,
OBS_000197,11/28/2024,3,STM,STM_ROL_07,STM_ROL_07,STM_TA_004,OPG,OPG-,,FALSE,
OBS_000198,11/28/2024,3,STM,STM_ROL_06,STM_ROL_06,STM_TA_018,OPG,OPG-,,FALSE,
OBS_000199,11/28/2024,3,STM,STM_ROL_06,STM_ROL_06,STM_TA_013,OPG,OPG-,,FALSE,
OBS_000200,11/28/2024,3,TME,TME_ROL_07,TME_ROL_07,TME_TA_003,OPG,OPG+,,FALSE,
OBS_000201,11/28/2024,3,TME,TME_ROL_04,TME_ROL_04,TME_TA_006,OPG,OPG+,,FALSE,
OBS_000204,11/29/2024,3,CHP,CHP_ROL_05,CHP_ROL_05,CHP_TA_014,OPG,OPG+,,FALSE,
OBS_000205,11/29/2024,3,CHP,CHP_ROL_02,CHP_ROL_02,CHP_TA_012,OPG,OPG+,,FALSE,
OBS_000202,11/29/2024,3,MRA,MRA_ROL_03,MRA_ROL_03,MRA_TA_009,OPG,OPG+,,FALSE,
OBS_000203,11/29/2024,3,MRA,MRA_ROL_08,MRA_ROL_08,MRA_TA_005,OPG,OPG-,,FALSE,
OBS_000206,11/29/2024,3,PLC,PLC_ROL_12,PLC_ROL_12,PLC_TA_016,OPG,OPG+,,FALSE,
OBS_000970,11/29/2024,3,PLC,PLC_ROL_02,PLC_ROL_05,PLC_TA_014,OCC,OCC+,R01,TRUE,R01CP02
OBS_000975,11/29/2024,3,PLC,PLC_ROL_01,PLC_ROL_06,PLC_TA_004,OCC,OCC-,R02,TRUE,R02CP04
OBS_000207,11/29/2024,3,STM,STM_ROL_08,STM_ROL_08,STM_TA_004,OPG,OPG+,,FALSE,
OBS_000973,11/29/2024,3,STM,STM_ROL_08,STM_ROL_01,STM_TA_008,OCC,OCC-,R01,TRUE,R01CC05
OBS_000208,11/29/2024,3,TME,TME_ROL_07,TME_ROL_07,TME_TA_011,OPG,OPG+,,FALSE,
OBS_000977,11/29/2024,3,TME,TME_ROL_01,TME_ROL_07,TME_TA_002,OCC,OCC-,R02,TRUE,R02CC05
OBS_000212,11/30/2024,3,CHP,CHP_ROL_06,CHP_ROL_06,CHP_TA_010,OPG,OPG+,,FALSE,
OBS_000213,11/30/2024,3,CHP,CHP_ROL_08,CHP_ROL_08,CHP_TA_019,OPG,OPG+,,FALSE,
OBS_000209,11/30/2024,3,MRA,MRA_ROL_06,MRA_ROL_06,MRA_TA_015,OPG,OPG+,,FALSE,
OBS_000210,11/30/2024,3,MRA,MRA_ROL_03,MRA_ROL_03,MRA_TA_010,OPG,OPG+,,FALSE,
OBS_000211,11/30/2024,3,MRA,MRA_ROL_04,MRA_ROL_04,MRA_TA_016,OPG,OPG+,,FALSE,
OBS_000968,11/30/2024,3,MRA,MRA_ROL_07,MRA_ROL_07,MRA_TA_005,OCC,OCC+,R01,TRUE,R01CC03
OBS_000214,11/30/2024,3,PLC,PLC_ROL_07,PLC_ROL_07,PLC_TA_009,OPG,OPG+,,FALSE,
OBS_000215,11/30/2024,3,PLC,PLC_ROL_07,PLC_ROL_07,PLC_TA_012,OPG,OPG+,,FALSE,
OBS_000216,11/30/2024,3,STM,STM_ROL_04,STM_ROL_04,STM_TA_019,OPG,OPG+,,FALSE,
OBS_000217,11/30/2024,3,STM,STM_ROL_03,STM_ROL_03,STM_TA_018,OPG,OPG-,,FALSE,
OBS_000218,11/30/2024,3,STM,STM_ROL_08,STM_ROL_08,STM_TA_007,OPG,OPG+,,FALSE,
OBS_000219,11/30/2024,3,TME,TME_ROL_02,TME_ROL_02,TME_TA_014,OPG,OPG+,,FALSE,
OBS_000220,11/30/2024,3,TME,TME_ROL_03,TME_ROL_03,TME_TA_010,OPG,OPG+,,FALSE,
OBS_000225,12/1/2024,3,CHP,CHP_ROL_09,CHP_ROL_09,CHP_TA_020,OPG,OPG+,,FALSE,
OBS_000226,12/1/2024,3,CHP,CHP_ROL_02,CHP_ROL_02,CHP_TA_004,OPG,OPG+,,FALSE,
OBS_000221,12/1/2024,3,MRA,MRA_ROL_03,MRA_ROL_03,MRA_TA_014,OPG,OPG+,,FALSE,
OBS_000222,12/1/2024,3,MRA,MRA_ROL_02,MRA_ROL_02,MRA_TA_015,OPG,OPG+,,FALSE,
OBS_000223,12/1/2024,3,MRA,MRA_ROL_08,MRA_ROL_08,MRA_TA_019,OPG,OPG+,,FALSE,
OBS_000224,12/1/2024,3,MRA,MRA_ROL_07,MRA_ROL_07,MRA_TA_018,OPG,OPG-,,FALSE,
OBS_000969,12/1/2024,3,MRA,MRA_ROL_07,MRA_ROL_04,MRA_TA_018,OCC,OCC+,R01,TRUE,R01CM04
OBS_000227,12/1/2024,3,PLC,PLC_ROL_11,PLC_ROL_11,PLC_TA_012,OPG,OPG+,,FALSE,
OBS_000228,12/1/2024,3,PLC,PLC_ROL_10,PLC_ROL_10,PLC_TA_002,OPG,OPG+,,FALSE,
OBS_000229,12/1/2024,3,PLC,PLC_ROL_11,PLC_ROL_11,PLC_TA_013,OPG,OPG+,,FALSE,
OBS_000980,12/1/2024,3,PLC,PLC_ROL_09,PLC_ROL_12,PLC_TA_004,OCC,OCC+,R03,TRUE,R03CM01
OBS_000230,12/1/2024,3,STM,STM_ROL_07,STM_ROL_07,STM_TA_004,OPG,OPG-,,FALSE,
OBS_000231,12/1/2024,3,STM,STM_ROL_05,STM_ROL_05,STM_TA_008,OPG,OPG+,,FALSE,
OBS_000232,12/1/2024,3,TME,TME_ROL_04,TME_ROL_04,TME_TA_015,OPG,OPG+,,FALSE,
OBS_000233,12/1/2024,3,TME,TME_ROL_08,TME_ROL_08,TME_TA_005,OPG,OPG+,,FALSE,
OBS_000234,12/1/2024,3,TME,TME_ROL_01,TME_ROL_01,TME_TA_016,OPG,OPG+,,FALSE,
OBS_000238,12/2/2024,4,CHP,CHP_ROL_08,CHP_ROL_08,CHP_TA_004,OPG,OPG+,,FALSE,
OBS_000239,12/2/2024,4,CHP,CHP_ROL_08,CHP_ROL_08,CHP_TA_011,OPG,OPG-,,FALSE,
OBS_000235,12/2/2024,4,MRA,MRA_ROL_02,MRA_ROL_02,MRA_TA_004,OPG,OPG+,,FALSE,
OBS_000236,12/2/2024,4,MRA,MRA_ROL_03,MRA_ROL_03,MRA_TA_012,OPG,OPG+,,FALSE,
OBS_000237,12/2/2024,4,MRA,MRA_ROL_08,MRA_ROL_08,MRA_TA_007,OPG,OPG+,,FALSE,
OBS_000240,12/2/2024,4,PLC,PLC_ROL_12,PLC_ROL_12,PLC_TA_004,OPG,OPG-,,FALSE,
OBS_000241,12/2/2024,4,STM,STM_ROL_02,STM_ROL_02,STM_TA_006,OPG,OPG+,,FALSE,
OBS_000242,12/2/2024,4,STM,STM_ROL_04,STM_ROL_04,STM_TA_017,OPG,OPG+,,FALSE,
OBS_000243,12/2/2024,4,TME,TME_ROL_06,TME_ROL_06,TME_TA_014,OPG,OPG+,,FALSE,
OBS_000246,12/3/2024,4,CHP,CHP_ROL_04,CHP_ROL_04,CHP_TA_015,OPG,OPG+,,FALSE,
OBS_000247,12/3/2024,4,CHP,CHP_ROL_07,CHP_ROL_07,CHP_TA_001,OPG,OPG+,,FALSE,
OBS_000248,12/3/2024,4,CHP,CHP_ROL_04,CHP_ROL_04,CHP_TA_009,OPG,OPG+,,FALSE,
OBS_000988,12/3/2024,4,CHP,CHP_ROL_03,CHP_ROL_05,CHP_TA_017,OCC,OCC+,R03,TRUE,R03CP01
OBS_000244,12/3/2024,4,MRA,MRA_ROL_07,MRA_ROL_07,MRA_TA_021,OPG,OPG+,,FALSE,
OBS_000245,12/3/2024,4,MRA,MRA_ROL_07,MRA_ROL_07,MRA_TA_013,OPG,OPG-,,FALSE,
OBS_000996,12/3/2024,4,MRA,MRA_ROL_05,MRA_ROL_07,MRA_TA_008,OCC,OCC-,R02,TRUE,R02CC01
OBS_000249,12/3/2024,4,PLC,PLC_ROL_10,PLC_ROL_10,PLC_TA_004,OPG,OPG+,,FALSE,
OBS_000984,12/3/2024,4,PLC,PLC_ROL_01,PLC_ROL_11,PLC_TA_009,OCC,OCC-,R03,TRUE,R03CP03
OBS_000250,12/3/2024,4,STM,STM_ROL_03,STM_ROL_03,STM_TA_012,OPG,OPG+,,FALSE,
OBS_000251,12/3/2024,4,STM,STM_ROL_08,STM_ROL_08,STM_TA_004,OPG,OPG+,,FALSE,
OBS_000252,12/3/2024,4,STM,STM_ROL_08,STM_ROL_08,STM_TA_017,OPG,OPG+,,FALSE,
OBS_000253,12/3/2024,4,TME,TME_ROL_07,TME_ROL_07,TME_TA_013,OPG,OPG+,,FALSE,
OBS_000254,12/3/2024,4,TME,TME_ROL_06,TME_ROL_06,TME_TA_012,OPG,OPG+,,FALSE,
OBS_000986,12/3/2024,4,TME,TME_ROL_02,TME_ROL_07,TME_TA_008,OCC,OCC+,R03,TRUE,R03CC05
OBS_000989,12/3/2024,4,TME,TME_ROL_03,TME_ROL_06,TME_TA_003,OCC,OCC-,R03,TRUE,R03CC05
OBS_000259,12/4/2024,4,CHP,CHP_ROL_03,CHP_ROL_03,CHP_TA_017,OPG,OPG+,,FALSE,
OBS_000260,12/4/2024,4,CHP,CHP_ROL_03,CHP_ROL_03,CHP_TA_019,OPG,OPG+,,FALSE,
OBS_000261,12/4/2024,4,CHP,CHP_ROL_03,CHP_ROL_03,CHP_TA_016,OPG,OPG+,,FALSE,
OBS_000995,12/4/2024,4,CHP,CHP_ROL_03,CHP_ROL_03,CHP_TA_007,OCC,OCC+,R02,TRUE,R02CM04
OBS_000255,12/4/2024,4,MRA,MRA_ROL_03,MRA_ROL_03,MRA_TA_022,OPG,OPG+,,FALSE,
OBS_000256,12/4/2024,4,MRA,MRA_ROL_05,MRA_ROL_05,MRA_TA_020,OPG,OPG+,,FALSE,
OBS_000257,12/4/2024,4,MRA,MRA_ROL_03,MRA_ROL_03,MRA_TA_011,OPG,OPG+,,FALSE,
OBS_000258,12/4/2024,4,MRA,MRA_ROL_05,MRA_ROL_05,MRA_TA_004,OPG,OPG+,,FALSE,
OBS_000262,12/4/2024,4,PLC,PLC_ROL_11,PLC_ROL_11,PLC_TA_006,OPG,OPG+,,FALSE,
OBS_000263,12/4/2024,4,PLC,PLC_ROL_08,PLC_ROL_08,PLC_TA_010,OPG,OPG+,,FALSE,
OBS_000264,12/4/2024,4,PLC,PLC_ROL_06,PLC_ROL_06,PLC_TA_015,OPG,OPG+,,FALSE,
OBS_000265,12/4/2024,4,STM,STM_ROL_01,STM_ROL_01,STM_TA_016,OPG,OPG+,,FALSE,
OBS_000266,12/4/2024,4,STM,STM_ROL_07,STM_ROL_07,STM_TA_018,OPG,OPG+,,FALSE,
OBS_000267,12/4/2024,4,TME,TME_ROL_07,TME_ROL_07,TME_TA_016,OPG,OPG+,,FALSE,
OBS_000268,12/4/2024,4,TME,TME_ROL_08,TME_ROL_08,TME_TA_016,OPG,OPG+,,FALSE,
OBS_000273,12/5/2024,4,CHP,CHP_ROL_02,CHP_ROL_02,CHP_TA_009,OPG,OPG+,,FALSE,
OBS_000274,12/5/2024,4,CHP,CHP_ROL_06,CHP_ROL_06,CHP_TA_018,OPG,OPG+,,FALSE,
OBS_000275,12/5/2024,4,CHP,CHP_ROL_01,CHP_ROL_01,CHP_TA_015,OPG,OPG+,,FALSE,
OBS_000987,12/5/2024,4,CHP,CHP_ROL_06,CHP_ROL_08,CHP_TA_018,OCC,OCC+,R03,TRUE,R03CP04
OBS_000269,12/5/2024,4,MRA,MRA_ROL_01,MRA_ROL_01,MRA_TA_008,OPG,OPG+,,FALSE,
OBS_000270,12/5/2024,4,MRA,MRA_ROL_05,MRA_ROL_05,MRA_TA_008,OPG,OPG+,,FALSE,
OBS_000271,12/5/2024,4,MRA,MRA_ROL_03,MRA_ROL_03,MRA_TA_015,OPG,OPG+,,FALSE,
OBS_000272,12/5/2024,4,MRA,MRA_ROL_08,MRA_ROL_08,MRA_TA_018,OPG,OPG+,,FALSE,
OBS_000276,12/5/2024,4,PLC,PLC_ROL_02,PLC_ROL_02,PLC_TA_008,OPG,OPG+,,FALSE,
OBS_000277,12/5/2024,4,PLC,PLC_ROL_01,PLC_ROL_01,PLC_TA_015,OPG,OPG+,,FALSE,
OBS_000985,12/5/2024,4,PLC,PLC_ROL_09,PLC_ROL_05,PLC_TA_008,OCC,OCC-,R03,TRUE,R03CC01
OBS_000278,12/5/2024,4,STM,STM_ROL_08,STM_ROL_08,STM_TA_004,OPG,OPG+,,FALSE,
OBS_000279,12/5/2024,4,TME,TME_ROL_04,TME_ROL_04,TME_TA_012,OPG,OPG+,,FALSE,
OBS_000983,12/5/2024,4,TME,TME_ROL_06,TME_ROL_06,TME_TA_010,OCC,OCC+,R03,TRUE,R03CP06
OBS_000284,12/6/2024,4,CHP,CHP_ROL_05,CHP_ROL_05,CHP_TA_019,OPG,OPG+,,FALSE,
OBS_000285,12/6/2024,4,CHP,CHP_ROL_09,CHP_ROL_09,CHP_TA_004,OPG,OPG+,,FALSE,
OBS_000280,12/6/2024,4,MRA,MRA_ROL_07,MRA_ROL_07,MRA_TA_006,OPG,OPG+,,FALSE,
OBS_000281,12/6/2024,4,MRA,MRA_ROL_04,MRA_ROL_04,MRA_TA_007,OPG,OPG+,,FALSE,
OBS_000282,12/6/2024,4,MRA,MRA_ROL_06,MRA_ROL_06,MRA_TA_018,OPG,OPG+,,FALSE,
OBS_000283,12/6/2024,4,MRA,MRA_ROL_03,MRA_ROL_03,MRA_TA_011,OPG,OPG+,,FALSE,
OBS_000286,12/6/2024,4,PLC,PLC_ROL_01,PLC_ROL_01,PLC_TA_009,OPG,OPG+,,FALSE,
OBS_000287,12/6/2024,4,PLC,PLC_ROL_03,PLC_ROL_03,PLC_TA_005,OPG,OPG+,,FALSE,
OBS_000982,12/6/2024,4,PLC,PLC_ROL_09,PLC_ROL_05,PLC_TA_011,OCC,OCC+,R03,TRUE,R03CP02
OBS_000288,12/6/2024,4,STM,STM_ROL_06,STM_ROL_06,STM_TA_008,OPG,OPG+,,FALSE,
OBS_000289,12/6/2024,4,STM,STM_ROL_07,STM_ROL_07,STM_TA_016,OPG,OPG+,,FALSE,
OBS_000290,12/6/2024,4,STM,STM_ROL_05,STM_ROL_05,STM_TA_014,OPG,OPG+,,FALSE,
OBS_000291,12/6/2024,4,TME,TME_ROL_02,TME_ROL_02,TME_TA_013,OPG,OPG+,,FALSE,
OBS_000990,12/6/2024,4,TME,TME_ROL_06,TME_ROL_03,TME_TA_001,OCC,OCC-,R01,TRUE,R01CC06
OBS_000295,12/7/2024,4,CHP,CHP_ROL_06,CHP_ROL_06,CHP_TA_003,OPG,OPG+,,FALSE,
OBS_000296,12/7/2024,4,CHP,CHP_ROL_07,CHP_ROL_07,CHP_TA_007,OPG,OPG+,,FALSE,
OBS_000297,12/7/2024,4,CHP,CHP_ROL_04,CHP_ROL_04,CHP_TA_016,OPG,OPG+,,FALSE,
OBS_000292,12/7/2024,4,MRA,MRA_ROL_06,MRA_ROL_06,MRA_TA_015,OPG,OPG+,,FALSE,
OBS_000293,12/7/2024,4,MRA,MRA_ROL_06,MRA_ROL_06,MRA_TA_019,OPG,OPG-,,FALSE,
OBS_000294,12/7/2024,4,MRA,MRA_ROL_02,MRA_ROL_02,MRA_TA_015,OPG,OPG+,,FALSE,
OBS_000992,12/7/2024,4,MRA,MRA_ROL_03,MRA_ROL_03,MRA_TA_001,OCC,OCC-,R01,TRUE,R01CC04
OBS_000994,12/7/2024,4,MRA,MRA_ROL_03,MRA_ROL_08,MRA_TA_021,OCC,OCC+,R01,TRUE,R01CM04
OBS_000298,12/7/2024,4,PLC,PLC_ROL_06,PLC_ROL_06,PLC_TA_018,OPG,OPG+,,FALSE,
OBS_000299,12/7/2024,4,PLC,PLC_ROL_10,PLC_ROL_10,PLC_TA_016,OPG,OPG+,,FALSE,
OBS_000300,12/7/2024,4,STM,STM_ROL_01,STM_ROL_01,STM_TA_002,OPG,OPG+,,FALSE,
OBS_000301,12/7/2024,4,STM,STM_ROL_08,STM_ROL_08,STM_TA_001,OPG,OPG+,,FALSE,
OBS_000302,12/7/2024,4,STM,STM_ROL_03,STM_ROL_03,STM_TA_015,OPG,OPG+,,FALSE,
OBS_000997,12/7/2024,4,STM,STM_ROL_02,STM_ROL_03,STM_TA_015,OCC,OCC+,R02,TRUE,R02CP01
OBS_000303,12/7/2024,4,TME,TME_ROL_04,TME_ROL_04,TME_TA_005,OPG,OPG+,,FALSE,
OBS_000304,12/7/2024,4,TME,TME_ROL_05,TME_ROL_05,TME_TA_006,OPG,OPG+,,FALSE,
OBS_000308,12/8/2024,4,CHP,CHP_ROL_04,CHP_ROL_04,CHP_TA_014,OPG,OPG+,,FALSE,
OBS_000309,12/8/2024,4,CHP,CHP_ROL_02,CHP_ROL_02,CHP_TA_001,OPG,OPG+,,FALSE,
OBS_000305,12/8/2024,4,MRA,MRA_ROL_02,MRA_ROL_02,MRA_TA_021,OPG,OPG+,,FALSE,
OBS_000306,12/8/2024,4,MRA,MRA_ROL_02,MRA_ROL_02,MRA_TA_012,OPG,OPG+,,FALSE,
OBS_000307,12/8/2024,4,MRA,MRA_ROL_03,MRA_ROL_03,MRA_TA_002,OPG,OPG+,,FALSE,
OBS_000991,12/8/2024,4,MRA,MRA_ROL_05,MRA_ROL_08,MRA_TA_021,OCC,OCC-,R01,TRUE,R01CM02
OBS_000310,12/8/2024,4,PLC,PLC_ROL_03,PLC_ROL_03,PLC_TA_019,OPG,OPG+,,FALSE,
OBS_000993,12/8/2024,4,PLC,PLC_ROL_10,PLC_ROL_04,PLC_TA_008,OCC,OCC+,R01,TRUE,R01CP02
OBS_000311,12/8/2024,4,STM,STM_ROL_08,STM_ROL_08,STM_TA_001,OPG,OPG-,,FALSE,
OBS_000312,12/8/2024,4,STM,STM_ROL_06,STM_ROL_06,STM_TA_004,OPG,OPG+,,FALSE,
OBS_000313,12/8/2024,4,STM,STM_ROL_07,STM_ROL_07,STM_TA_005,OPG,OPG+,,FALSE,
OBS_000314,12/8/2024,4,TME,TME_ROL_07,TME_ROL_07,TME_TA_003,OPG,OPG+,,FALSE,
OBS_000317,12/9/2024,5,CHP,CHP_ROL_03,CHP_ROL_03,CHP_TA_003,OPG,OPG+,,FALSE,
OBS_000315,12/9/2024,5,MRA,MRA_ROL_02,MRA_ROL_02,MRA_TA_011,OPG,OPG+,,FALSE,
OBS_000316,12/9/2024,5,MRA,MRA_ROL_05,MRA_ROL_05,MRA_TA_005,OPG,OPG+,,FALSE,
OBS_001008,12/9/2024,5,MRA,MRA_ROL_02,MRA_ROL_07,MRA_TA_017,OCC,OCC+,R03,TRUE,R03CP06
OBS_000318,12/9/2024,5,PLC,PLC_ROL_10,PLC_ROL_10,PLC_TA_006,OPG,OPG+,,FALSE,
OBS_000319,12/9/2024,5,STM,STM_ROL_04,STM_ROL_04,STM_TA_005,OPG,OPG+,,FALSE,
OBS_000320,12/9/2024,5,STM,STM_ROL_08,STM_ROL_08,STM_TA_007,OPG,OPG-,,FALSE,
OBS_000321,12/9/2024,5,STM,STM_ROL_02,STM_ROL_02,STM_TA_005,OPG,OPG+,,FALSE,
OBS_000322,12/9/2024,5,TME,TME_ROL_07,TME_ROL_07,TME_TA_012,OPG,OPG+,,FALSE,
OBS_000323,12/9/2024,5,TME,TME_ROL_06,TME_ROL_06,TME_TA_005,OPG,OPG+,,FALSE,
OBS_000324,12/9/2024,5,TME,TME_ROL_02,TME_ROL_02,TME_TA_008,OPG,OPG+,,FALSE,
OBS_000329,12/10/2024,5,CHP,CHP_ROL_04,CHP_ROL_04,CHP_TA_016,OPG,OPG+,,FALSE,
OBS_000325,12/10/2024,5,MRA,MRA_ROL_05,MRA_ROL_05,MRA_TA_001,OPG,OPG+,,FALSE,
OBS_000326,12/10/2024,5,MRA,MRA_ROL_05,MRA_ROL_05,MRA_TA_007,OPG,OPG+,,FALSE,
OBS_000327,12/10/2024,5,MRA,MRA_ROL_04,MRA_ROL_04,MRA_TA_013,OPG,OPG+,,FALSE,
OBS_000328,12/10/2024,5,MRA,MRA_ROL_01,MRA_ROL_01,MRA_TA_008,OPG,OPG+,,FALSE,
OBS_000330,12/10/2024,5,PLC,PLC_ROL_09,PLC_ROL_09,PLC_TA_001,OPG,OPG+,,FALSE,
OBS_001012,12/10/2024,5,PLC,PLC_ROL_01,PLC_ROL_08,PLC_TA_016,OCC,OCC+,R02,TRUE,R02CP03
OBS_000331,12/10/2024,5,STM,STM_ROL_03,STM_ROL_03,STM_TA_013,OPG,OPG+,,FALSE,
OBS_000332,12/10/2024,5,STM,STM_ROL_07,STM_ROL_07,STM_TA_012,OPG,OPG+,,FALSE,
OBS_000333,12/10/2024,5,TME,TME_ROL_08,TME_ROL_08,TME_TA_003,OPG,OPG-,,FALSE,
OBS_000336,12/11/2024,5,CHP,CHP_ROL_09,CHP_ROL_09,CHP_TA_014,OPG,OPG+,,FALSE,
OBS_000337,12/11/2024,5,CHP,CHP_ROL_07,CHP_ROL_07,CHP_TA_003,OPG,OPG+,,FALSE,
OBS_000338,12/11/2024,5,CHP,CHP_ROL_09,CHP_ROL_09,CHP_TA_020,OPG,OPG+,,FALSE,
OBS_000334,12/11/2024,5,MRA,MRA_ROL_01,MRA_ROL_01,MRA_TA_009,OPG,OPG+,,FALSE,
OBS_000335,12/11/2024,5,MRA,MRA_ROL_01,MRA_ROL_01,MRA_TA_013,OPG,OPG+,,FALSE,
OBS_000339,12/11/2024,5,PLC,PLC_ROL_05,PLC_ROL_05,PLC_TA_003,OPG,OPG+,,FALSE,
OBS_001007,12/11/2024,5,PLC,PLC_ROL_12,PLC_ROL_12,PLC_TA_004,OCC,OCC-,R03,TRUE,R03CC06
OBS_000340,12/11/2024,5,STM,STM_ROL_03,STM_ROL_03,STM_TA_018,OPG,OPG+,,FALSE,
OBS_000341,12/11/2024,5,TME,TME_ROL_02,TME_ROL_02,TME_TA_010,OPG,OPG+,,FALSE,
OBS_000342,12/11/2024,5,TME,TME_ROL_04,TME_ROL_04,TME_TA_002,OPG,OPG+,,FALSE,
OBS_000343,12/11/2024,5,TME,TME_ROL_07,TME_ROL_07,TME_TA_004,OPG,OPG+,,FALSE,
OBS_001004,12/11/2024,5,TME,TME_ROL_08,TME_ROL_08,TME_TA_003,OCC,OCC+,R01,TRUE,R01CC05
OBS_000348,12/12/2024,5,CHP,CHP_ROL_05,CHP_ROL_05,CHP_TA_006,OPG,OPG+,,FALSE,
OBS_000349,12/12/2024,5,CHP,CHP_ROL_05,CHP_ROL_05,CHP_TA_004,OPG,OPG+,,FALSE,
OBS_000350,12/12/2024,5,CHP,CHP_ROL_01,CHP_ROL_01,CHP_TA_011,OPG,OPG+,,FALSE,
OBS_001011,12/12/2024,5,CHP,CHP_ROL_05,CHP_ROL_03,CHP_TA_004,OCC,OCC-,R02,TRUE,R02CM03
OBS_000344,12/12/2024,5,MRA,MRA_ROL_01,MRA_ROL_01,MRA_TA_010,OPG,OPG+,,FALSE,
OBS_000345,12/12/2024,5,MRA,MRA_ROL_03,MRA_ROL_03,MRA_TA_004,OPG,OPG-,,FALSE,
OBS_000346,12/12/2024,5,MRA,MRA_ROL_03,MRA_ROL_03,MRA_TA_001,OPG,OPG+,,FALSE,
OBS_000347,12/12/2024,5,MRA,MRA_ROL_06,MRA_ROL_06,MRA_TA_017,OPG,OPG+,,FALSE,
OBS_001006,12/12/2024,5,MRA,MRA_ROL_08,MRA_ROL_02,MRA_TA_009,OCC,OCC+,R03,TRUE,R03CP01
OBS_000351,12/12/2024,5,PLC,PLC_ROL_09,PLC_ROL_09,PLC_TA_003,OPG,OPG+,,FALSE,
OBS_000352,12/12/2024,5,PLC,PLC_ROL_10,PLC_ROL_10,PLC_TA_003,OPG,OPG+,,FALSE,
OBS_001003,12/12/2024,5,PLC,PLC_ROL_08,PLC_ROL_03,PLC_TA_014,OCC,OCC-,R01,TRUE,R01CP04
OBS_000353,12/12/2024,5,STM,STM_ROL_06,STM_ROL_06,STM_TA_002,OPG,OPG+,,FALSE,
OBS_000354,12/12/2024,5,STM,STM_ROL_03,STM_ROL_03,STM_TA_012,OPG,OPG+,,FALSE,
OBS_000355,12/12/2024,5,STM,STM_ROL_02,STM_ROL_02,STM_TA_019,OPG,OPG+,,FALSE,
OBS_000356,12/12/2024,5,TME,TME_ROL_04,TME_ROL_04,TME_TA_001,OPG,OPG-,,FALSE,
OBS_000359,12/13/2024,5,CHP,CHP_ROL_09,CHP_ROL_09,CHP_TA_014,OPG,OPG+,,FALSE,
OBS_000357,12/13/2024,5,MRA,MRA_ROL_04,MRA_ROL_04,MRA_TA_002,OPG,OPG+,,FALSE,
OBS_000358,12/13/2024,5,MRA,MRA_ROL_07,MRA_ROL_07,MRA_TA_005,OPG,OPG+,,FALSE,
OBS_000360,12/13/2024,5,PLC,PLC_ROL_07,PLC_ROL_07,PLC_TA_011,OPG,OPG+,,FALSE,
OBS_001009,12/13/2024,5,PLC,PLC_ROL_01,PLC_ROL_03,PLC_TA_011,OCC,OCC+,R03,TRUE,R03CM01
OBS_001010,12/13/2024,5,PLC,PLC_ROL_03,PLC_ROL_03,PLC_TA_002,OCC,OCC-,R03,TRUE,R03CC06
OBS_000361,12/13/2024,5,STM,STM_ROL_06,STM_ROL_06,STM_TA_004,OPG,OPG+,,FALSE,
OBS_000362,12/13/2024,5,TME,TME_ROL_03,TME_ROL_03,TME_TA_008,OPG,OPG+,,FALSE,
OBS_000365,12/14/2024,5,CHP,CHP_ROL_08,CHP_ROL_08,CHP_TA_001,OPG,OPG+,,FALSE,
OBS_000366,12/14/2024,5,CHP,CHP_ROL_05,CHP_ROL_05,CHP_TA_019,OPG,OPG+,,FALSE,
OBS_000367,12/14/2024,5,CHP,CHP_ROL_04,CHP_ROL_04,CHP_TA_015,OPG,OPG+,,FALSE,
OBS_000363,12/14/2024,5,MRA,MRA_ROL_07,MRA_ROL_07,MRA_TA_003,OPG,OPG+,,FALSE,
OBS_000364,12/14/2024,5,MRA,MRA_ROL_05,MRA_ROL_05,MRA_TA_010,OPG,OPG+,,FALSE,
OBS_001002,12/14/2024,5,MRA,MRA_ROL_04,MRA_ROL_05,MRA_TA_015,OCC,OCC+,R01,TRUE,R01CC02
OBS_000368,12/14/2024,5,PLC,PLC_ROL_04,PLC_ROL_04,PLC_TA_018,OPG,OPG+,,FALSE,
OBS_000369,12/14/2024,5,PLC,PLC_ROL_04,PLC_ROL_04,PLC_TA_005,OPG,OPG-,,FALSE,
OBS_000370,12/14/2024,5,STM,STM_ROL_01,STM_ROL_01,STM_TA_008,OPG,OPG+,,FALSE,
OBS_000371,12/14/2024,5,STM,STM_ROL_01,STM_ROL_01,STM_TA_011,OPG,OPG-,,FALSE,
OBS_000372,12/14/2024,5,TME,TME_ROL_07,TME_ROL_07,TME_TA_010,OPG,OPG-,,FALSE,
OBS_000373,12/14/2024,5,TME,TME_ROL_04,TME_ROL_04,TME_TA_014,OPG,OPG+,,FALSE,
OBS_000374,12/14/2024,5,TME,TME_ROL_01,TME_ROL_01,TME_TA_005,OPG,OPG+,,FALSE,
OBS_001000,12/14/2024,5,TME,TME_ROL_02,TME_ROL_08,TME_TA_015,OCC,OCC+,R01,TRUE,R01CC02
OBS_001005,12/14/2024,5,TME,TME_ROL_07,TME_ROL_07,TME_TA_011,OCC,OCC+,R01,TRUE,R01CC05
OBS_000377,12/15/2024,5,CHP,CHP_ROL_02,CHP_ROL_02,CHP_TA_019,OPG,OPG-,,FALSE,
OBS_000378,12/15/2024,5,CHP,CHP_ROL_03,CHP_ROL_03,CHP_TA_013,OPG,OPG-,,FALSE,
OBS_000379,12/15/2024,5,CHP,CHP_ROL_01,CHP_ROL_01,CHP_TA_014,OPG,OPG+,,FALSE,
OBS_000375,12/15/2024,5,MRA,MRA_ROL_01,MRA_ROL_01,MRA_TA_008,OPG,OPG+,,FALSE,
OBS_000376,12/15/2024,5,MRA,MRA_ROL_07,MRA_ROL_07,MRA_TA_012,OPG,OPG+,,FALSE,
OBS_000999,12/15/2024,5,MRA,MRA_ROL_06,MRA_ROL_07,MRA_TA_020,OCC,OCC-,R01,TRUE,R01CM01
OBS_000380,12/15/2024,5,PLC,PLC_ROL_04,PLC_ROL_04,PLC_TA_010,OPG,OPG+,,FALSE,
OBS_001001,12/15/2024,5,PLC,PLC_ROL_09,PLC_ROL_09,PLC_TA_013,OCC,OCC-,R01,TRUE,R01CP02
OBS_000381,12/15/2024,5,STM,STM_ROL_07,STM_ROL_07,STM_TA_011,OPG,OPG+,,FALSE,
OBS_000382,12/15/2024,5,STM,STM_ROL_05,STM_ROL_05,STM_TA_008,OPG,OPG-,,FALSE,
OBS_000998,12/15/2024,5,STM,STM_ROL_04,STM_ROL_07,STM_TA_013,OCC,OCC+,R01,TRUE,R01CM03
OBS_000383,12/15/2024,5,TME,TME_ROL_03,TME_ROL_03,TME_TA_004,OPG,OPG+,,FALSE,
OBS_001013,12/15/2024,5,TME,TME_ROL_04,TME_ROL_04,TME_TA_016,OCC,OCC-,R02,TRUE,R02CM04
OBS_000386,12/16/2024,6,CHP,CHP_ROL_08,CHP_ROL_08,CHP_TA_010,OPG,OPG+,,FALSE,
OBS_001015,12/16/2024,6,CHP,CHP_ROL_01,CHP_ROL_03,CHP_TA_002,OCC,OCC+,R03,TRUE,R03CP06
OBS_000384,12/16/2024,6,MRA,MRA_ROL_08,MRA_ROL_08,MRA_TA_015,OPG,OPG+,,FALSE,
OBS_000385,12/16/2024,6,MRA,MRA_ROL_02,MRA_ROL_02,MRA_TA_018,OPG,OPG+,,FALSE,
OBS_000387,12/16/2024,6,PLC,PLC_ROL_02,PLC_ROL_02,PLC_TA_006,OPG,OPG+,,FALSE,
OBS_000388,12/16/2024,6,STM,STM_ROL_01,STM_ROL_01,STM_TA_007,OPG,OPG+,,FALSE,
OBS_000389,12/16/2024,6,STM,STM_ROL_06,STM_ROL_06,STM_TA_005,OPG,OPG-,,FALSE,
OBS_000390,12/16/2024,6,TME,TME_ROL_06,TME_ROL_06,TME_TA_013,OPG,OPG+,,FALSE,
OBS_001025,12/16/2024,6,TME,TME_ROL_07,TME_ROL_07,TME_TA_002,OCC,OCC-,R01,TRUE,R01CP01
OBS_000395,12/17/2024,6,CHP,CHP_ROL_02,CHP_ROL_02,CHP_TA_001,OPG,OPG-,,FALSE,
OBS_000391,12/17/2024,6,MRA,MRA_ROL_05,MRA_ROL_05,MRA_TA_009,OPG,OPG+,,FALSE,
OBS_000392,12/17/2024,6,MRA,MRA_ROL_03,MRA_ROL_03,MRA_TA_001,OPG,OPG+,,FALSE,
OBS_000393,12/17/2024,6,MRA,MRA_ROL_08,MRA_ROL_08,MRA_TA_018,OPG,OPG+,,FALSE,
OBS_000394,12/17/2024,6,MRA,MRA_ROL_04,MRA_ROL_04,MRA_TA_004,OPG,OPG+,,FALSE,
OBS_000396,12/17/2024,6,PLC,PLC_ROL_03,PLC_ROL_03,PLC_TA_007,OPG,OPG+,,FALSE,
OBS_000397,12/17/2024,6,STM,STM_ROL_02,STM_ROL_02,STM_TA_019,OPG,OPG+,,FALSE,
OBS_000398,12/17/2024,6,STM,STM_ROL_02,STM_ROL_02,STM_TA_001,OPG,OPG+,,FALSE,
OBS_000399,12/17/2024,6,TME,TME_ROL_08,TME_ROL_08,TME_TA_005,OPG,OPG-,,FALSE,
OBS_000403,12/18/2024,6,CHP,CHP_ROL_07,CHP_ROL_07,CHP_TA_006,OPG,OPG+,,FALSE,
OBS_000404,12/18/2024,6,CHP,CHP_ROL_03,CHP_ROL_03,CHP_TA_009,OPG,OPG+,,FALSE,
OBS_001028,12/18/2024,6,CHP,CHP_ROL_03,CHP_ROL_04,CHP_TA_011,OCC,OCC+,R02,TRUE,R02CC01
OBS_000400,12/18/2024,6,MRA,MRA_ROL_02,MRA_ROL_02,MRA_TA_002,OPG,OPG+,,FALSE,
OBS_000401,12/18/2024,6,MRA,MRA_ROL_01,MRA_ROL_01,MRA_TA_006,OPG,OPG+,,FALSE,
OBS_000402,12/18/2024,6,MRA,MRA_ROL_07,MRA_ROL_07,MRA_TA_013,OPG,OPG+,,FALSE,
OBS_001026,12/18/2024,6,MRA,MRA_ROL_01,MRA_ROL_04,MRA_TA_010,OCC,OCC-,R01,TRUE,R01CP01
OBS_000405,12/18/2024,6,PLC,PLC_ROL_01,PLC_ROL_01,PLC_TA_008,OPG,OPG+,,FALSE,
OBS_000406,12/18/2024,6,STM,STM_ROL_07,STM_ROL_07,STM_TA_018,OPG,OPG+,,FALSE,
OBS_000407,12/18/2024,6,STM,STM_ROL_02,STM_ROL_02,STM_TA_009,OPG,OPG+,,FALSE,
OBS_001027,12/18/2024,6,STM,STM_ROL_01,STM_ROL_02,STM_TA_011,OCC,OCC+,R02,TRUE,R02CP05
OBS_000408,12/18/2024,6,TME,TME_ROL_04,TME_ROL_04,TME_TA_008,OPG,OPG+,,FALSE,
OBS_000409,12/18/2024,6,TME,TME_ROL_01,TME_ROL_01,TME_TA_013,OPG,OPG+,,FALSE,
OBS_001019,12/18/2024,6,TME,TME_ROL_07,TME_ROL_02,TME_TA_010,OCC,OCC+,R03,TRUE,R03CC03
OBS_000413,12/19/2024,6,CHP,CHP_ROL_04,CHP_ROL_04,CHP_TA_001,OPG,OPG+,,FALSE,
OBS_000414,12/19/2024,6,CHP,CHP_ROL_05,CHP_ROL_05,CHP_TA_002,OPG,OPG+,,FALSE,
OBS_001020,12/19/2024,6,CHP,CHP_ROL_06,CHP_ROL_09,CHP_TA_014,OCC,OCC+,R03,TRUE,R03CP03
OBS_000410,12/19/2024,6,MRA,MRA_ROL_08,MRA_ROL_08,MRA_TA_018,OPG,OPG+,,FALSE,
OBS_000411,12/19/2024,6,MRA,MRA_ROL_06,MRA_ROL_06,MRA_TA_019,OPG,OPG+,,FALSE,
OBS_000412,12/19/2024,6,MRA,MRA_ROL_07,MRA_ROL_07,MRA_TA_009,OPG,OPG+,,FALSE,
OBS_000415,12/19/2024,6,PLC,PLC_ROL_09,PLC_ROL_09,PLC_TA_012,OPG,OPG+,,FALSE,
OBS_000416,12/19/2024,6,PLC,PLC_ROL_04,PLC_ROL_04,PLC_TA_006,OPG,OPG-,,FALSE,
OBS_001017,12/19/2024,6,PLC,PLC_ROL_10,PLC_ROL_11,PLC_TA_019,OCC,OCC+,R03,TRUE,R03CP04
OBS_000417,12/19/2024,6,STM,STM_ROL_04,STM_ROL_04,STM_TA_009,OPG,OPG+,,FALSE,
OBS_000418,12/19/2024,6,STM,STM_ROL_01,STM_ROL_01,STM_TA_008,OPG,OPG+,,FALSE,
OBS_000419,12/19/2024,6,STM,STM_ROL_07,STM_ROL_07,STM_TA_012,OPG,OPG+,,FALSE,
OBS_001022,12/19/2024,6,STM,STM_ROL_07,STM_ROL_06,STM_TA_009,OCC,OCC+,R01,TRUE,R01CP04
OBS_000420,12/19/2024,6,TME,TME_ROL_03,TME_ROL_03,TME_TA_008,OPG,OPG+,,FALSE,
OBS_001014,12/19/2024,6,TME,TME_ROL_04,TME_ROL_05,TME_TA_007,OCC,OCC+,R03,TRUE,R03CC01
OBS_000425,12/20/2024,6,CHP,CHP_ROL_04,CHP_ROL_04,CHP_TA_020,OPG,OPG+,,FALSE,
OBS_001021,12/20/2024,6,CHP,CHP_ROL_02,CHP_ROL_09,CHP_TA_003,OCC,OCC+,R03,TRUE,R03CC02
OBS_000421,12/20/2024,6,MRA,MRA_ROL_06,MRA_ROL_06,MRA_TA_019,OPG,OPG-,,FALSE,
OBS_000422,12/20/2024,6,MRA,MRA_ROL_06,MRA_ROL_06,MRA_TA_019,OPG,OPG+,,FALSE,
OBS_000423,12/20/2024,6,MRA,MRA_ROL_04,MRA_ROL_04,MRA_TA_016,OPG,OPG+,,FALSE,
OBS_000424,12/20/2024,6,MRA,MRA_ROL_03,MRA_ROL_03,MRA_TA_016,OPG,OPG-,,FALSE,
OBS_000426,12/20/2024,6,PLC,PLC_ROL_08,PLC_ROL_08,PLC_TA_001,OPG,OPG+,,FALSE,
OBS_000427,12/20/2024,6,PLC,PLC_ROL_10,PLC_ROL_10,PLC_TA_007,OPG,OPG+,,FALSE,
OBS_000428,12/20/2024,6,PLC,PLC_ROL_06,PLC_ROL_06,PLC_TA_006,OPG,OPG+,,FALSE,
OBS_000429,12/20/2024,6,STM,STM_ROL_01,STM_ROL_01,STM_TA_001,OPG,OPG+,,FALSE,
OBS_000430,12/20/2024,6,STM,STM_ROL_03,STM_ROL_03,STM_TA_004,OPG,OPG+,,FALSE,
OBS_000431,12/20/2024,6,TME,TME_ROL_02,TME_ROL_02,TME_TA_012,OPG,OPG+,,FALSE,
OBS_000432,12/20/2024,6,TME,TME_ROL_07,TME_ROL_07,TME_TA_004,OPG,OPG+,,FALSE,
OBS_001023,12/20/2024,6,TME,TME_ROL_08,TME_ROL_08,TME_TA_016,OCC,OCC+,R01,TRUE,R01CC05
OBS_000436,12/21/2024,6,CHP,CHP_ROL_06,CHP_ROL_06,CHP_TA_008,OPG,OPG+,,FALSE,
OBS_000437,12/21/2024,6,CHP,CHP_ROL_03,CHP_ROL_03,CHP_TA_013,OPG,OPG+,,FALSE,
OBS_000438,12/21/2024,6,CHP,CHP_ROL_05,CHP_ROL_05,CHP_TA_005,OPG,OPG+,,FALSE,
OBS_000433,12/21/2024,6,MRA,MRA_ROL_03,MRA_ROL_03,MRA_TA_006,OPG,OPG+,,FALSE,
OBS_000434,12/21/2024,6,MRA,MRA_ROL_07,MRA_ROL_07,MRA_TA_021,OPG,OPG+,,FALSE,
OBS_000435,12/21/2024,6,MRA,MRA_ROL_06,MRA_ROL_06,MRA_TA_006,OPG,OPG+,,FALSE,
OBS_000439,12/21/2024,6,PLC,PLC_ROL_12,PLC_ROL_12,PLC_TA_019,OPG,OPG+,,FALSE,
OBS_000440,12/21/2024,6,STM,STM_ROL_01,STM_ROL_01,STM_TA_006,OPG,OPG+,,FALSE,
OBS_000441,12/21/2024,6,STM,STM_ROL_04,STM_ROL_04,STM_TA_019,OPG,OPG-,,FALSE,
OBS_000442,12/21/2024,6,STM,STM_ROL_08,STM_ROL_08,STM_TA_005,OPG,OPG+,,FALSE,
OBS_001016,12/21/2024,6,STM,STM_ROL_02,STM_ROL_01,STM_TA_004,OCC,OCC+,R03,TRUE,R03CP05
OBS_000443,12/21/2024,6,TME,TME_ROL_04,TME_ROL_04,TME_TA_012,OPG,OPG+,,FALSE,
OBS_000446,12/22/2024,6,CHP,CHP_ROL_04,CHP_ROL_04,CHP_TA_003,OPG,OPG+,,FALSE,
OBS_001029,12/22/2024,6,CHP,CHP_ROL_01,CHP_ROL_03,CHP_TA_016,OCC,OCC+,R02,TRUE,R02CM04
OBS_000444,12/22/2024,6,MRA,MRA_ROL_02,MRA_ROL_02,MRA_TA_022,OPG,OPG+,,FALSE,
OBS_000445,12/22/2024,6,MRA,MRA_ROL_06,MRA_ROL_06,MRA_TA_015,OPG,OPG-,,FALSE,
OBS_001024,12/22/2024,6,MRA,MRA_ROL_04,MRA_ROL_01,MRA_TA_004,OCC,OCC+,R01,TRUE,R01CP04
OBS_000447,12/22/2024,6,PLC,PLC_ROL_12,PLC_ROL_12,PLC_TA_001,OPG,OPG-,,FALSE,
OBS_000448,12/22/2024,6,STM,STM_ROL_07,STM_ROL_07,STM_TA_006,OPG,OPG+,,FALSE,
OBS_000449,12/22/2024,6,STM,STM_ROL_08,STM_ROL_08,STM_TA_013,OPG,OPG+,,FALSE,
OBS_000450,12/22/2024,6,TME,TME_ROL_02,TME_ROL_02,TME_TA_016,OPG,OPG+,,FALSE,
OBS_000451,12/22/2024,6,TME,TME_ROL_04,TME_ROL_04,TME_TA_006,OPG,OPG+,,FALSE,
OBS_001018,12/22/2024,6,TME,TME_ROL_01,TME_ROL_02,TME_TA_010,OCC,OCC-,R03,TRUE,R03CP06
OBS_000454,12/23/2024,7,CHP,CHP_ROL_03,CHP_ROL_03,CHP_TA_003,OPG,OPG+,,FALSE,
OBS_000455,12/23/2024,7,CHP,CHP_ROL_02,CHP_ROL_02,CHP_TA_011,OPG,OPG+,,FALSE,
OBS_000452,12/23/2024,7,MRA,MRA_ROL_05,MRA_ROL_05,MRA_TA_001,OPG,OPG+,,FALSE,
OBS_000453,12/23/2024,7,MRA,MRA_ROL_02,MRA_ROL_02,MRA_TA_003,OPG,OPG+,,FALSE,
OBS_001040,12/23/2024,7,MRA,MRA_ROL_06,MRA_ROL_08,MRA_TA_002,OCC,OCC-,R02,TRUE,R02CC03
OBS_000456,12/23/2024,7,PLC,PLC_ROL_08,PLC_ROL_08,PLC_TA_001,OPG,OPG+,,FALSE,
OBS_000457,12/23/2024,7,PLC,PLC_ROL_11,PLC_ROL_11,PLC_TA_006,OPG,OPG+,,FALSE,
OBS_000458,12/23/2024,7,PLC,PLC_ROL_07,PLC_ROL_07,PLC_TA_006,OPG,OPG-,,FALSE,
OBS_000459,12/23/2024,7,STM,STM_ROL_04,STM_ROL_04,STM_TA_007,OPG,OPG+,,FALSE,
OBS_000460,12/23/2024,7,STM,STM_ROL_05,STM_ROL_05,STM_TA_010,OPG,OPG+,,FALSE,
OBS_000461,12/23/2024,7,TME,TME_ROL_01,TME_ROL_01,TME_TA_013,OPG,OPG+,,FALSE,
OBS_001041,12/23/2024,7,TME,TME_ROL_01,TME_ROL_05,TME_TA_007,OCC,OCC+,R02,TRUE,R02CP04
OBS_000465,12/24/2024,7,CHP,CHP_ROL_03,CHP_ROL_03,CHP_TA_010,OPG,OPG+,,FALSE,
OBS_000462,12/24/2024,7,MRA,MRA_ROL_03,MRA_ROL_03,MRA_TA_002,OPG,OPG+,,FALSE,
OBS_000463,12/24/2024,7,MRA,MRA_ROL_07,MRA_ROL_07,MRA_TA_003,OPG,OPG+,,FALSE,
OBS_000464,12/24/2024,7,MRA,MRA_ROL_08,MRA_ROL_08,MRA_TA_007,OPG,OPG-,,FALSE,
OBS_001043,12/24/2024,7,MRA,MRA_ROL_04,MRA_ROL_06,MRA_TA_018,OCC,OCC+,R01,TRUE,R01CC04
OBS_000466,12/24/2024,7,PLC,PLC_ROL_02,PLC_ROL_02,PLC_TA_010,OPG,OPG+,,FALSE,
OBS_000467,12/24/2024,7,PLC,PLC_ROL_08,PLC_ROL_08,PLC_TA_016,OPG,OPG+,,FALSE,
OBS_000468,12/24/2024,7,STM,STM_ROL_02,STM_ROL_02,STM_TA_018,OPG,OPG+,,FALSE,
OBS_000469,12/24/2024,7,STM,STM_ROL_06,STM_ROL_06,STM_TA_013,OPG,OPG+,,FALSE,
OBS_001030,12/24/2024,7,STM,STM_ROL_08,STM_ROL_07,STM_TA_002,OCC,OCC-,R03,TRUE,R03CP05
OBS_001034,12/24/2024,7,STM,STM_ROL_06,STM_ROL_01,STM_TA_009,OCC,OCC-,R03,TRUE,R03CP04
OBS_000470,12/24/2024,7,TME,TME_ROL_01,TME_ROL_01,TME_TA_009,OPG,OPG+,,FALSE,
OBS_000471,12/24/2024,7,TME,TME_ROL_05,TME_ROL_05,TME_TA_008,OPG,OPG+,,FALSE,
OBS_000476,12/25/2024,7,CHP,CHP_ROL_09,CHP_ROL_09,CHP_TA_016,OPG,OPG+,,FALSE,
OBS_000477,12/25/2024,7,CHP,CHP_ROL_04,CHP_ROL_04,CHP_TA_016,OPG,OPG+,,FALSE,
OBS_001042,12/25/2024,7,CHP,CHP_ROL_08,CHP_ROL_02,CHP_TA_009,OCC,OCC+,R02,TRUE,R02CP05
OBS_000472,12/25/2024,7,MRA,MRA_ROL_01,MRA_ROL_01,MRA_TA_005,OPG,OPG+,,FALSE,
OBS_000473,12/25/2024,7,MRA,MRA_ROL_02,MRA_ROL_02,MRA_TA_003,OPG,OPG+,,FALSE,
OBS_000474,12/25/2024,7,MRA,MRA_ROL_07,MRA_ROL_07,MRA_TA_019,OPG,OPG+,,FALSE,
OBS_000475,12/25/2024,7,MRA,MRA_ROL_01,MRA_ROL_01,MRA_TA_013,OPG,OPG+,,FALSE,
OBS_001044,12/25/2024,7,MRA,MRA_ROL_04,MRA_ROL_03,MRA_TA_003,OCC,OCC-,R01,TRUE,R01CP04
OBS_000478,12/25/2024,7,PLC,PLC_ROL_12,PLC_ROL_12,PLC_TA_002,OPG,OPG+,,FALSE,
OBS_000479,12/25/2024,7,PLC,PLC_ROL_09,PLC_ROL_09,PLC_TA_019,OPG,OPG+,,FALSE,
OBS_001033,12/25/2024,7,PLC,PLC_ROL_10,PLC_ROL_10,PLC_TA_013,OCC,OCC+,R03,TRUE,R03CC06
OBS_000480,12/25/2024,7,STM,STM_ROL_03,STM_ROL_03,STM_TA_004,OPG,OPG+,,FALSE,
OBS_000481,12/25/2024,7,STM,STM_ROL_08,STM_ROL_08,STM_TA_006,OPG,OPG+,,FALSE,
OBS_000482,12/25/2024,7,STM,STM_ROL_03,STM_ROL_03,STM_TA_007,OPG,OPG+,,FALSE,
OBS_000483,12/25/2024,7,TME,TME_ROL_01,TME_ROL_01,TME_TA_014,OPG,OPG-,,FALSE,
OBS_001045,12/25/2024,7,TME,TME_ROL_01,TME_ROL_03,TME_TA_001,OCC,OCC+,R01,TRUE,R01CM03
OBS_000488,12/26/2024,7,CHP,CHP_ROL_09,CHP_ROL_09,CHP_TA_015,OPG,OPG+,,FALSE,
OBS_000489,12/26/2024,7,CHP,CHP_ROL_01,CHP_ROL_01,CHP_TA_020,OPG,OPG+,,FALSE,
OBS_000484,12/26/2024,7,MRA,MRA_ROL_07,MRA_ROL_07,MRA_TA_007,OPG,OPG+,,FALSE,
OBS_000485,12/26/2024,7,MRA,MRA_ROL_03,MRA_ROL_03,MRA_TA_020,OPG,OPG+,,FALSE,
OBS_000486,12/26/2024,7,MRA,MRA_ROL_02,MRA_ROL_02,MRA_TA_003,OPG,OPG+,,FALSE,
OBS_000487,12/26/2024,7,MRA,MRA_ROL_07,MRA_ROL_07,MRA_TA_018,OPG,OPG+,,FALSE,
OBS_001035,12/26/2024,7,MRA,MRA_ROL_08,MRA_ROL_05,MRA_TA_007,OCC,OCC-,R03,TRUE,R03CP06
OBS_000490,12/26/2024,7,PLC,PLC_ROL_02,PLC_ROL_02,PLC_TA_014,OPG,OPG+,,FALSE,
OBS_000491,12/26/2024,7,PLC,PLC_ROL_10,PLC_ROL_10,PLC_TA_019,OPG,OPG+,,FALSE,
OBS_000492,12/26/2024,7,STM,STM_ROL_02,STM_ROL_02,STM_TA_019,OPG,OPG+,,FALSE,
OBS_000493,12/26/2024,7,TME,TME_ROL_06,TME_ROL_06,TME_TA_014,OPG,OPG+,,FALSE,
OBS_000494,12/26/2024,7,TME,TME_ROL_08,TME_ROL_08,TME_TA_016,OPG,OPG-,,FALSE,
OBS_000498,12/27/2024,7,CHP,CHP_ROL_05,CHP_ROL_05,CHP_TA_012,OPG,OPG-,,FALSE,
OBS_000499,12/27/2024,7,CHP,CHP_ROL_05,CHP_ROL_05,CHP_TA_010,OPG,OPG+,,FALSE,
OBS_001036,12/27/2024,7,CHP,CHP_ROL_04,CHP_ROL_02,CHP_TA_015,OCC,OCC+,R03,TRUE,R03CC02
OBS_000495,12/27/2024,7,MRA,MRA_ROL_07,MRA_ROL_07,MRA_TA_005,OPG,OPG+,,FALSE,
OBS_000496,12/27/2024,7,MRA,MRA_ROL_07,MRA_ROL_07,MRA_TA_002,OPG,OPG+,,FALSE,
OBS_000497,12/27/2024,7,MRA,MRA_ROL_06,MRA_ROL_06,MRA_TA_008,OPG,OPG-,,FALSE,
OBS_001037,12/27/2024,7,MRA,MRA_ROL_04,MRA_ROL_06,MRA_TA_016,OCC,OCC+,R03,TRUE,R03CC05
OBS_000500,12/27/2024,7,PLC,PLC_ROL_12,PLC_ROL_12,PLC_TA_004,OPG,OPG+,,FALSE,
OBS_000501,12/27/2024,7,PLC,PLC_ROL_04,PLC_ROL_04,PLC_TA_005,OPG,OPG+,,FALSE,
OBS_000502,12/27/2024,7,STM,STM_ROL_08,STM_ROL_08,STM_TA_011,OPG,OPG+,,FALSE,
OBS_000503,12/27/2024,7,STM,STM_ROL_07,STM_ROL_07,STM_TA_003,OPG,OPG+,,FALSE,
OBS_000504,12/27/2024,7,STM,STM_ROL_04,STM_ROL_04,STM_TA_014,OPG,OPG+,,FALSE,
OBS_000505,12/27/2024,7,TME,TME_ROL_06,TME_ROL_06,TME_TA_002,OPG,OPG+,,FALSE,
OBS_000506,12/27/2024,7,TME,TME_ROL_03,TME_ROL_03,TME_TA_003,OPG,OPG+,,FALSE,
OBS_000507,12/27/2024,7,TME,TME_ROL_07,TME_ROL_07,TME_TA_005,OPG,OPG+,,FALSE,
OBS_000512,12/28/2024,7,CHP,CHP_ROL_09,CHP_ROL_09,CHP_TA_013,OPG,OPG+,,FALSE,
OBS_000513,12/28/2024,7,CHP,CHP_ROL_02,CHP_ROL_02,CHP_TA_001,OPG,OPG+,,FALSE,
OBS_000508,12/28/2024,7,MRA,MRA_ROL_01,MRA_ROL_01,MRA_TA_006,OPG,OPG+,,FALSE,
OBS_000509,12/28/2024,7,MRA,MRA_ROL_04,MRA_ROL_04,MRA_TA_002,OPG,OPG+,,FALSE,
OBS_000510,12/28/2024,7,MRA,MRA_ROL_08,MRA_ROL_08,MRA_TA_002,OPG,OPG+,,FALSE,
OBS_000511,12/28/2024,7,MRA,MRA_ROL_04,MRA_ROL_04,MRA_TA_009,OPG,OPG+,,FALSE,
OBS_000514,12/28/2024,7,PLC,PLC_ROL_10,PLC_ROL_10,PLC_TA_015,OPG,OPG+,,FALSE,
OBS_000515,12/28/2024,7,PLC,PLC_ROL_08,PLC_ROL_08,PLC_TA_019,OPG,OPG+,,FALSE,
OBS_001038,12/28/2024,7,PLC,PLC_ROL_03,PLC_ROL_02,PLC_TA_017,OCC,OCC+,R02,TRUE,R02CP05
OBS_001039,12/28/2024,7,PLC,PLC_ROL_08,PLC_ROL_07,PLC_TA_017,OCC,OCC+,R02,TRUE,R02CC02
OBS_000516,12/28/2024,7,STM,STM_ROL_03,STM_ROL_03,STM_TA_009,OPG,OPG+,,FALSE,
OBS_000517,12/28/2024,7,STM,STM_ROL_02,STM_ROL_02,STM_TA_010,OPG,OPG-,,FALSE,
OBS_000518,12/28/2024,7,TME,TME_ROL_03,TME_ROL_03,TME_TA_007,OPG,OPG+,,FALSE,
OBS_000523,12/29/2024,7,CHP,CHP_ROL_05,CHP_ROL_05,CHP_TA_020,OPG,OPG+,,FALSE,
OBS_000519,12/29/2024,7,MRA,MRA_ROL_04,MRA_ROL_04,MRA_TA_022,OPG,OPG+,,FALSE,
OBS_000520,12/29/2024,7,MRA,MRA_ROL_07,MRA_ROL_07,MRA_TA_017,OPG,OPG-,,FALSE,
OBS_000521,12/29/2024,7,MRA,MRA_ROL_01,MRA_ROL_01,MRA_TA_016,OPG,OPG+,,FALSE,
OBS_000522,12/29/2024,7,MRA,MRA_ROL_03,MRA_ROL_03,MRA_TA_020,OPG,OPG+,,FALSE,
OBS_000524,12/29/2024,7,PLC,PLC_ROL_12,PLC_ROL_12,PLC_TA_009,OPG,OPG+,,FALSE,
OBS_000525,12/29/2024,7,PLC,PLC_ROL_07,PLC_ROL_07,PLC_TA_012,OPG,OPG+,,FALSE,
OBS_001032,12/29/2024,7,PLC,PLC_ROL_03,PLC_ROL_05,PLC_TA_001,OCC,OCC-,R03,TRUE,R03CC03
OBS_000526,12/29/2024,7,STM,STM_ROL_08,STM_ROL_08,STM_TA_010,OPG,OPG+,,FALSE,
OBS_000527,12/29/2024,7,TME,TME_ROL_07,TME_ROL_07,TME_TA_004,OPG,OPG-,,FALSE,
OBS_000528,12/29/2024,7,TME,TME_ROL_06,TME_ROL_06,TME_TA_010,OPG,OPG+,,FALSE,
OBS_000529,12/29/2024,7,TME,TME_ROL_02,TME_ROL_02,TME_TA_016,OPG,OPG-,,FALSE,
OBS_001031,12/29/2024,7,TME,TME_ROL_01,TME_ROL_04,TME_TA_011,OCC,OCC+,R03,TRUE,R03CP05
OBS_000533,12/30/2024,8,CHP,CHP_ROL_07,CHP_ROL_07,CHP_TA_011,OPG,OPG+,,FALSE,
OBS_000534,12/30/2024,8,CHP,CHP_ROL_01,CHP_ROL_01,CHP_TA_016,OPG,OPG+,,FALSE,
OBS_000535,12/30/2024,8,CHP,CHP_ROL_05,CHP_ROL_05,CHP_TA_014,OPG,OPG+,,FALSE,
OBS_000530,12/30/2024,8,MRA,MRA_ROL_06,MRA_ROL_06,MRA_TA_009,OPG,OPG+,,FALSE,
OBS_000531,12/30/2024,8,MRA,MRA_ROL_05,MRA_ROL_05,MRA_TA_007,OPG,OPG+,,FALSE,
OBS_000532,12/30/2024,8,MRA,MRA_ROL_04,MRA_ROL_04,MRA_TA_002,OPG,OPG+,,FALSE,
OBS_001060,12/30/2024,8,MRA,MRA_ROL_03,MRA_ROL_03,MRA_TA_015,OCC,OCC+,R01,TRUE,R01CC01
OBS_000536,12/30/2024,8,PLC,PLC_ROL_01,PLC_ROL_01,PLC_TA_019,OPG,OPG+,,FALSE,
OBS_000537,12/30/2024,8,PLC,PLC_ROL_10,PLC_ROL_10,PLC_TA_007,OPG,OPG+,,FALSE,
OBS_000538,12/30/2024,8,PLC,PLC_ROL_12,PLC_ROL_12,PLC_TA_008,OPG,OPG+,,FALSE,
OBS_000539,12/30/2024,8,STM,STM_ROL_08,STM_ROL_08,STM_TA_012,OPG,OPG+,,FALSE,
OBS_000540,12/30/2024,8,STM,STM_ROL_03,STM_ROL_03,STM_TA_018,OPG,OPG+,,FALSE,
OBS_000541,12/30/2024,8,STM,STM_ROL_02,STM_ROL_02,STM_TA_016,OPG,OPG-,,FALSE,
OBS_001059,12/30/2024,8,STM,STM_ROL_06,STM_ROL_08,STM_TA_002,OCC,OCC+,R01,TRUE,R01CM01
OBS_000542,12/30/2024,8,TME,TME_ROL_03,TME_ROL_03,TME_TA_011,OPG,OPG+,,FALSE,
OBS_000543,12/30/2024,8,TME,TME_ROL_04,TME_ROL_04,TME_TA_012,OPG,OPG+,,FALSE,
OBS_001052,12/30/2024,8,TME,TME_ROL_03,TME_ROL_05,TME_TA_012,OCC,OCC+,R03,TRUE,R03CM03
OBS_000547,12/31/2024,8,CHP,CHP_ROL_02,CHP_ROL_02,CHP_TA_016,OPG,OPG+,,FALSE,
OBS_000548,12/31/2024,8,CHP,CHP_ROL_09,CHP_ROL_09,CHP_TA_004,OPG,OPG+,,FALSE,
OBS_000549,12/31/2024,8,CHP,CHP_ROL_07,CHP_ROL_07,CHP_TA_017,OPG,OPG+,,FALSE,
OBS_000544,12/31/2024,8,MRA,MRA_ROL_07,MRA_ROL_07,MRA_TA_011,OPG,OPG+,,FALSE,
OBS_000545,12/31/2024,8,MRA,MRA_ROL_05,MRA_ROL_05,MRA_TA_015,OPG,OPG+,,FALSE,
OBS_000546,12/31/2024,8,MRA,MRA_ROL_08,MRA_ROL_08,MRA_TA_002,OPG,OPG+,,FALSE,
OBS_000550,12/31/2024,8,PLC,PLC_ROL_03,PLC_ROL_03,PLC_TA_005,OPG,OPG+,,FALSE,
OBS_000551,12/31/2024,8,STM,STM_ROL_07,STM_ROL_07,STM_TA_019,OPG,OPG+,,FALSE,
OBS_000552,12/31/2024,8,STM,STM_ROL_08,STM_ROL_08,STM_TA_005,OPG,OPG+,,FALSE,
OBS_001056,12/31/2024,8,STM,STM_ROL_06,STM_ROL_04,STM_TA_006,OCC,OCC+,R02,TRUE,R02CM02
OBS_000553,12/31/2024,8,TME,TME_ROL_03,TME_ROL_03,TME_TA_003,OPG,OPG+,,FALSE,
OBS_000554,12/31/2024,8,TME,TME_ROL_03,TME_ROL_03,TME_TA_011,OPG,OPG+,,FALSE,
OBS_000555,12/31/2024,8,TME,TME_ROL_01,TME_ROL_01,TME_TA_015,OPG,OPG+,,FALSE,
OBS_000558,1/1/2025,8,CHP,CHP_ROL_07,CHP_ROL_07,CHP_TA_013,OPG,OPG+,,FALSE,
OBS_000559,1/1/2025,8,CHP,CHP_ROL_08,CHP_ROL_08,CHP_TA_013,OPG,OPG-,,FALSE,
OBS_000560,1/1/2025,8,CHP,CHP_ROL_09,CHP_ROL_09,CHP_TA_007,OPG,OPG+,,FALSE,
OBS_000556,1/1/2025,8,MRA,MRA_ROL_03,MRA_ROL_03,MRA_TA_016,OPG,OPG+,,FALSE,
OBS_000557,1/1/2025,8,MRA,MRA_ROL_02,MRA_ROL_02,MRA_TA_005,OPG,OPG+,,FALSE,
OBS_000561,1/1/2025,8,PLC,PLC_ROL_06,PLC_ROL_06,PLC_TA_017,OPG,OPG+,,FALSE,
OBS_000562,1/1/2025,8,STM,STM_ROL_01,STM_ROL_01,STM_TA_008,OPG,OPG+,,FALSE,
OBS_000563,1/1/2025,8,STM,STM_ROL_06,STM_ROL_06,STM_TA_010,OPG,OPG-,,FALSE,
OBS_000564,1/1/2025,8,STM,STM_ROL_07,STM_ROL_07,STM_TA_017,OPG,OPG+,,FALSE,
OBS_000565,1/1/2025,8,TME,TME_ROL_02,TME_ROL_02,TME_TA_002,OPG,OPG+,,FALSE,
OBS_000569,1/2/2025,8,CHP,CHP_ROL_06,CHP_ROL_06,CHP_TA_007,OPG,OPG+,,FALSE,
OBS_000570,1/2/2025,8,CHP,CHP_ROL_07,CHP_ROL_07,CHP_TA_001,OPG,OPG+,,FALSE,
OBS_001047,1/2/2025,8,CHP,CHP_ROL_06,CHP_ROL_05,CHP_TA_011,OCC,OCC+,R03,TRUE,R03CM03
OBS_001050,1/2/2025,8,CHP,CHP_ROL_06,CHP_ROL_07,CHP_TA_006,OCC,OCC+,R03,TRUE,R03CP03
OBS_000566,1/2/2025,8,MRA,MRA_ROL_08,MRA_ROL_08,MRA_TA_017,OPG,OPG+,,FALSE,
OBS_000567,1/2/2025,8,MRA,MRA_ROL_06,MRA_ROL_06,MRA_TA_014,OPG,OPG+,,FALSE,
OBS_000568,1/2/2025,8,MRA,MRA_ROL_03,MRA_ROL_03,MRA_TA_011,OPG,OPG+,,FALSE,
OBS_000571,1/2/2025,8,PLC,PLC_ROL_03,PLC_ROL_03,PLC_TA_007,OPG,OPG+,,FALSE,
OBS_000572,1/2/2025,8,PLC,PLC_ROL_10,PLC_ROL_10,PLC_TA_017,OPG,OPG+,,FALSE,
OBS_000573,1/2/2025,8,PLC,PLC_ROL_06,PLC_ROL_06,PLC_TA_002,OPG,OPG+,,FALSE,
OBS_001046,1/2/2025,8,PLC,PLC_ROL_01,PLC_ROL_02,PLC_TA_014,OCC,OCC+,R03,TRUE,R03CM01
OBS_000574,1/2/2025,8,STM,STM_ROL_05,STM_ROL_05,STM_TA_018,OPG,OPG+,,FALSE,
OBS_000575,1/2/2025,8,STM,STM_ROL_01,STM_ROL_01,STM_TA_004,OPG,OPG+,,FALSE,
OBS_000576,1/2/2025,8,STM,STM_ROL_01,STM_ROL_01,STM_TA_002,OPG,OPG+,,FALSE,
OBS_000577,1/2/2025,8,TME,TME_ROL_08,TME_ROL_08,TME_TA_013,OPG,OPG-,,FALSE,
OBS_000578,1/2/2025,8,TME,TME_ROL_05,TME_ROL_05,TME_TA_016,OPG,OPG+,,FALSE,
OBS_000581,1/3/2025,8,CHP,CHP_ROL_03,CHP_ROL_03,CHP_TA_014,OPG,OPG+,,FALSE,
OBS_000582,1/3/2025,8,CHP,CHP_ROL_02,CHP_ROL_02,CHP_TA_017,OPG,OPG+,,FALSE,
OBS_000583,1/3/2025,8,CHP,CHP_ROL_02,CHP_ROL_02,CHP_TA_010,OPG,OPG-,,FALSE,
OBS_001055,1/3/2025,8,CHP,CHP_ROL_07,CHP_ROL_02,CHP_TA_011,OCC,OCC+,R02,TRUE,R02CM04
OBS_000579,1/3/2025,8,MRA,MRA_ROL_01,MRA_ROL_01,MRA_TA_010,OPG,OPG+,,FALSE,
OBS_000580,1/3/2025,8,MRA,MRA_ROL_02,MRA_ROL_02,MRA_TA_022,OPG,OPG+,,FALSE,
OBS_001058,1/3/2025,8,MRA,MRA_ROL_07,MRA_ROL_02,MRA_TA_020,OCC,OCC+,R02,TRUE,R02CP04
OBS_001061,1/3/2025,8,MRA,MRA_ROL_04,MRA_ROL_04,MRA_TA_022,OCC,OCC+,R01,TRUE,R01CM03
OBS_000584,1/3/2025,8,PLC,PLC_ROL_08,PLC_ROL_08,PLC_TA_007,OPG,OPG+,,FALSE,
OBS_000585,1/3/2025,8,STM,STM_ROL_04,STM_ROL_04,STM_TA_012,OPG,OPG+,,FALSE,
OBS_000586,1/3/2025,8,STM,STM_ROL_05,STM_ROL_05,STM_TA_006,OPG,OPG-,,FALSE,
OBS_001053,1/3/2025,8,STM,STM_ROL_02,STM_ROL_06,STM_TA_018,OCC,OCC+,R03,TRUE,R03CM01
OBS_000587,1/3/2025,8,TME,TME_ROL_04,TME_ROL_04,TME_TA_016,OPG,OPG+,,FALSE,
OBS_000588,1/3/2025,8,TME,TME_ROL_01,TME_ROL_01,TME_TA_001,OPG,OPG+,,FALSE,
OBS_000591,1/4/2025,8,CHP,CHP_ROL_04,CHP_ROL_04,CHP_TA_015,OPG,OPG+,,FALSE,
OBS_000592,1/4/2025,8,CHP,CHP_ROL_05,CHP_ROL_05,CHP_TA_009,OPG,OPG+,,FALSE,
OBS_000593,1/4/2025,8,CHP,CHP_ROL_02,CHP_ROL_02,CHP_TA_006,OPG,OPG+,,FALSE,
OBS_000589,1/4/2025,8,MRA,MRA_ROL_08,MRA_ROL_08,MRA_TA_005,OPG,OPG+,,FALSE,
OBS_000590,1/4/2025,8,MRA,MRA_ROL_02,MRA_ROL_02,MRA_TA_004,OPG,OPG+,,FALSE,
OBS_001054,1/4/2025,8,MRA,MRA_ROL_07,MRA_ROL_07,MRA_TA_008,OCC,OCC+,R02,TRUE,R02CM03
OBS_000594,1/4/2025,8,PLC,PLC_ROL_06,PLC_ROL_06,PLC_TA_011,OPG,OPG+,,FALSE,
OBS_000595,1/4/2025,8,PLC,PLC_ROL_02,PLC_ROL_02,PLC_TA_004,OPG,OPG+,,FALSE,
OBS_001051,1/4/2025,8,PLC,PLC_ROL_08,PLC_ROL_08,PLC_TA_001,OCC,OCC+,R03,TRUE,R03CP05
OBS_000596,1/4/2025,8,STM,STM_ROL_01,STM_ROL_01,STM_TA_005,OPG,OPG+,,FALSE,
OBS_001057,1/4/2025,8,STM,STM_ROL_02,STM_ROL_08,STM_TA_011,OCC,OCC-,R02,TRUE,R02CM04
OBS_000597,1/4/2025,8,TME,TME_ROL_06,TME_ROL_06,TME_TA_012,OPG,OPG+,,FALSE,
OBS_000602,1/5/2025,8,CHP,CHP_ROL_03,CHP_ROL_03,CHP_TA_004,OPG,OPG-,,FALSE,
OBS_000603,1/5/2025,8,CHP,CHP_ROL_01,CHP_ROL_01,CHP_TA_006,OPG,OPG-,,FALSE,
OBS_000604,1/5/2025,8,CHP,CHP_ROL_08,CHP_ROL_08,CHP_TA_019,OPG,OPG+,,FALSE,
OBS_001048,1/5/2025,8,CHP,CHP_ROL_08,CHP_ROL_03,CHP_TA_003,OCC,OCC-,R03,TRUE,R03CC03
OBS_000598,1/5/2025,8,MRA,MRA_ROL_05,MRA_ROL_05,MRA_TA_003,OPG,OPG+,,FALSE,
OBS_000599,1/5/2025,8,MRA,MRA_ROL_06,MRA_ROL_06,MRA_TA_006,OPG,OPG-,,FALSE,
OBS_000600,1/5/2025,8,MRA,MRA_ROL_07,MRA_ROL_07,MRA_TA_015,OPG,OPG+,,FALSE,
OBS_000601,1/5/2025,8,MRA,MRA_ROL_07,MRA_ROL_07,MRA_TA_016,OPG,OPG+,,FALSE,
OBS_000605,1/5/2025,8,PLC,PLC_ROL_10,PLC_ROL_10,PLC_TA_013,OPG,OPG+,,FALSE,
OBS_001049,1/5/2025,8,PLC,PLC_ROL_08,PLC_ROL_05,PLC_TA_015,OCC,OCC+,R03,TRUE,R03CC04
OBS_000606,1/5/2025,8,STM,STM_ROL_01,STM_ROL_01,STM_TA_005,OPG,OPG+,,FALSE,
OBS_000607,1/5/2025,8,STM,STM_ROL_08,STM_ROL_08,STM_TA_004,OPG,OPG+,,FALSE,
OBS_000608,1/5/2025,8,STM,STM_ROL_08,STM_ROL_08,STM_TA_002,OPG,OPG-,,FALSE,
OBS_000609,1/5/2025,8,TME,TME_ROL_06,TME_ROL_06,TME_TA_001,OPG,OPG+,,FALSE,
OBS_000610,1/5/2025,8,TME,TME_ROL_04,TME_ROL_04,TME_TA_011,OPG,OPG+,,FALSE,
OBS_000611,1/5/2025,8,TME,TME_ROL_02,TME_ROL_02,TME_TA_014,OPG,OPG+,,FALSE,
OBS_000614,1/6/2025,9,CHP,CHP_ROL_01,CHP_ROL_01,CHP_TA_001,OPG,OPG+,,FALSE,
OBS_000615,1/6/2025,9,CHP,CHP_ROL_03,CHP_ROL_03,CHP_TA_017,OPG,OPG+,,FALSE,
OBS_000616,1/6/2025,9,CHP,CHP_ROL_08,CHP_ROL_08,CHP_TA_006,OPG,OPG-,,FALSE,
OBS_000612,1/6/2025,9,MRA,MRA_ROL_08,MRA_ROL_08,MRA_TA_012,OPG,OPG+,,FALSE,
OBS_000613,1/6/2025,9,MRA,MRA_ROL_07,MRA_ROL_07,MRA_TA_005,OPG,OPG+,,FALSE,
OBS_000617,1/6/2025,9,PLC,PLC_ROL_06,PLC_ROL_06,PLC_TA_008,OPG,OPG+,,FALSE,
OBS_000618,1/6/2025,9,PLC,PLC_ROL_05,PLC_ROL_05,PLC_TA_002,OPG,OPG+,,FALSE,
OBS_001065,1/6/2025,9,PLC,PLC_ROL_07,PLC_ROL_12,PLC_TA_019,OCC,OCC-,R03,TRUE,R03CP02
OBS_001073,1/6/2025,9,PLC,PLC_ROL_02,PLC_ROL_10,PLC_TA_016,OCC,OCC+,R02,TRUE,R02CP06
OBS_000619,1/6/2025,9,STM,STM_ROL_07,STM_ROL_07,STM_TA_013,OPG,OPG+,,FALSE,
OBS_000620,1/6/2025,9,STM,STM_ROL_02,STM_ROL_02,STM_TA_015,OPG,OPG+,,FALSE,
OBS_000621,1/6/2025,9,STM,STM_ROL_08,STM_ROL_08,STM_TA_003,OPG,OPG+,,FALSE,
OBS_000622,1/6/2025,9,TME,TME_ROL_06,TME_ROL_06,TME_TA_004,OPG,OPG+,,FALSE,
OBS_000623,1/6/2025,9,TME,TME_ROL_01,TME_ROL_01,TME_TA_004,OPG,OPG+,,FALSE,
OBS_000626,1/7/2025,9,CHP,CHP_ROL_08,CHP_ROL_08,CHP_TA_011,OPG,OPG+,,FALSE,
OBS_000627,1/7/2025,9,CHP,CHP_ROL_01,CHP_ROL_01,CHP_TA_008,OPG,OPG+,,FALSE,
OBS_000628,1/7/2025,9,CHP,CHP_ROL_06,CHP_ROL_06,CHP_TA_018,OPG,OPG+,,FALSE,
OBS_001068,1/7/2025,9,CHP,CHP_ROL_03,CHP_ROL_01,CHP_TA_003,OCC,OCC-,R03,TRUE,R03CC05
OBS_000624,1/7/2025,9,MRA,MRA_ROL_01,MRA_ROL_01,MRA_TA_003,OPG,OPG+,,FALSE,
OBS_000625,1/7/2025,9,MRA,MRA_ROL_05,MRA_ROL_05,MRA_TA_017,OPG,OPG+,,FALSE,
OBS_000629,1/7/2025,9,PLC,PLC_ROL_08,PLC_ROL_08,PLC_TA_012,OPG,OPG+,,FALSE,
OBS_000630,1/7/2025,9,PLC,PLC_ROL_02,PLC_ROL_02,PLC_TA_004,OPG,OPG+,,FALSE,
OBS_000631,1/7/2025,9,PLC,PLC_ROL_04,PLC_ROL_04,PLC_TA_001,OPG,OPG+,,FALSE,
OBS_000632,1/7/2025,9,STM,STM_ROL_05,STM_ROL_05,STM_TA_018,OPG,OPG+,,FALSE,
OBS_000633,1/7/2025,9,STM,STM_ROL_02,STM_ROL_02,STM_TA_002,OPG,OPG+,,FALSE,
OBS_000634,1/7/2025,9,STM,STM_ROL_08,STM_ROL_08,STM_TA_005,OPG,OPG+,,FALSE,
OBS_001067,1/7/2025,9,STM,STM_ROL_07,STM_ROL_06,STM_TA_014,OCC,OCC+,R03,TRUE,R03CP01
OBS_001070,1/7/2025,9,STM,STM_ROL_07,STM_ROL_03,STM_TA_015,OCC,OCC+,R02,TRUE,R02CM03
OBS_000635,1/7/2025,9,TME,TME_ROL_07,TME_ROL_07,TME_TA_004,OPG,OPG+,,FALSE,
OBS_000636,1/7/2025,9,TME,TME_ROL_04,TME_ROL_04,TME_TA_007,OPG,OPG-,,FALSE,
OBS_000637,1/7/2025,9,TME,TME_ROL_07,TME_ROL_07,TME_TA_007,OPG,OPG+,,FALSE,
OBS_000640,1/8/2025,9,CHP,CHP_ROL_02,CHP_ROL_02,CHP_TA_015,OPG,OPG+,,FALSE,
OBS_000641,1/8/2025,9,CHP,CHP_ROL_09,CHP_ROL_09,CHP_TA_005,OPG,OPG+,,FALSE,
OBS_000642,1/8/2025,9,CHP,CHP_ROL_01,CHP_ROL_01,CHP_TA_017,OPG,OPG+,,FALSE,
OBS_001062,1/8/2025,9,CHP,CHP_ROL_07,CHP_ROL_06,CHP_TA_003,OCC,OCC-,R03,TRUE,R03CP04
OBS_000638,1/8/2025,9,MRA,MRA_ROL_06,MRA_ROL_06,MRA_TA_004,OPG,OPG+,,FALSE,
OBS_000639,1/8/2025,9,MRA,MRA_ROL_01,MRA_ROL_01,MRA_TA_021,OPG,OPG+,,FALSE,
OBS_000643,1/8/2025,9,PLC,PLC_ROL_07,PLC_ROL_07,PLC_TA_019,OPG,OPG+,,FALSE,
OBS_000644,1/8/2025,9,PLC,PLC_ROL_09,PLC_ROL_09,PLC_TA_006,OPG,OPG+,,FALSE,
OBS_000645,1/8/2025,9,PLC,PLC_ROL_03,PLC_ROL_03,PLC_TA_005,OPG,OPG-,,FALSE,
OBS_001064,1/8/2025,9,PLC,PLC_ROL_12,PLC_ROL_09,PLC_TA_012,OCC,OCC-,R03,TRUE,R03CC01
OBS_000646,1/8/2025,9,STM,STM_ROL_06,STM_ROL_06,STM_TA_017,OPG,OPG+,,FALSE,
OBS_000647,1/8/2025,9,STM,STM_ROL_07,STM_ROL_07,STM_TA_008,OPG,OPG+,,FALSE,
OBS_000648,1/8/2025,9,STM,STM_ROL_06,STM_ROL_06,STM_TA_010,OPG,OPG+,,FALSE,
OBS_000649,1/8/2025,9,TME,TME_ROL_03,TME_ROL_03,TME_TA_014,OPG,OPG+,,FALSE,
OBS_000654,1/9/2025,9,CHP,CHP_ROL_09,CHP_ROL_09,CHP_TA_018,OPG,OPG+,,FALSE,
OBS_000650,1/9/2025,9,MRA,MRA_ROL_05,MRA_ROL_05,MRA_TA_018,OPG,OPG+,,FALSE,
OBS_000651,1/9/2025,9,MRA,MRA_ROL_04,MRA_ROL_04,MRA_TA_007,OPG,OPG+,,FALSE,
OBS_000652,1/9/2025,9,MRA,MRA_ROL_05,MRA_ROL_05,MRA_TA_022,OPG,OPG+,,FALSE,
OBS_000653,1/9/2025,9,MRA,MRA_ROL_03,MRA_ROL_03,MRA_TA_021,OPG,OPG+,,FALSE,
OBS_000655,1/9/2025,9,PLC,PLC_ROL_12,PLC_ROL_12,PLC_TA_004,OPG,OPG+,,FALSE,
OBS_000656,1/9/2025,9,PLC,PLC_ROL_09,PLC_ROL_09,PLC_TA_016,OPG,OPG+,,FALSE,
OBS_000657,1/9/2025,9,STM,STM_ROL_07,STM_ROL_07,STM_TA_018,OPG,OPG+,,FALSE,
OBS_000658,1/9/2025,9,STM,STM_ROL_07,STM_ROL_07,STM_TA_001,OPG,OPG+,,FALSE,
OBS_000659,1/9/2025,9,STM,STM_ROL_01,STM_ROL_01,STM_TA_013,OPG,OPG-,,FALSE,
OBS_001066,1/9/2025,9,STM,STM_ROL_07,STM_ROL_07,STM_TA_018,OCC,OCC-,R03,TRUE,R03CM01
OBS_000660,1/9/2025,9,TME,TME_ROL_01,TME_ROL_01,TME_TA_007,OPG,OPG+,,FALSE,
OBS_000661,1/9/2025,9,TME,TME_ROL_03,TME_ROL_03,TME_TA_010,OPG,OPG+,,FALSE,
OBS_000662,1/9/2025,9,TME,TME_ROL_03,TME_ROL_03,TME_TA_002,OPG,OPG+,,FALSE,
OBS_001072,1/9/2025,9,TME,TME_ROL_05,TME_ROL_07,TME_TA_012,OCC,OCC+,R02,TRUE,R02CP02
OBS_000666,1/10/2025,9,CHP,CHP_ROL_09,CHP_ROL_09,CHP_TA_010,OPG,OPG+,,FALSE,
OBS_001071,1/10/2025,9,CHP,CHP_ROL_06,CHP_ROL_04,CHP_TA_006,OCC,OCC-,R02,TRUE,R02CM01
OBS_000663,1/10/2025,9,MRA,MRA_ROL_04,MRA_ROL_04,MRA_TA_018,OPG,OPG-,,FALSE,
OBS_000664,1/10/2025,9,MRA,MRA_ROL_08,MRA_ROL_08,MRA_TA_004,OPG,OPG+,,FALSE,
OBS_000665,1/10/2025,9,MRA,MRA_ROL_04,MRA_ROL_04,MRA_TA_021,OPG,OPG+,,FALSE,
OBS_001063,1/10/2025,9,MRA,MRA_ROL_03,MRA_ROL_05,MRA_TA_002,OCC,OCC-,R03,TRUE,R03CM01
OBS_001075,1/10/2025,9,MRA,MRA_ROL_05,MRA_ROL_01,MRA_TA_011,OCC,OCC+,R01,TRUE,R01CC03
OBS_000667,1/10/2025,9,PLC,PLC_ROL_07,PLC_ROL_07,PLC_TA_013,OPG,OPG+,,FALSE,
OBS_000668,1/10/2025,9,STM,STM_ROL_06,STM_ROL_06,STM_TA_018,OPG,OPG-,,FALSE,
OBS_000669,1/10/2025,9,STM,STM_ROL_05,STM_ROL_05,STM_TA_007,OPG,OPG+,,FALSE,
OBS_000670,1/10/2025,9,STM,STM_ROL_08,STM_ROL_08,STM_TA_008,OPG,OPG+,,FALSE,
OBS_001076,1/10/2025,9,STM,STM_ROL_06,STM_ROL_07,STM_TA_012,OCC,OCC+,R01,TRUE,R01CM04
OBS_000671,1/10/2025,9,TME,TME_ROL_06,TME_ROL_06,TME_TA_007,OPG,OPG+,,FALSE,
OBS_000672,1/10/2025,9,TME,TME_ROL_04,TME_ROL_04,TME_TA_010,OPG,OPG+,,FALSE,
OBS_000673,1/10/2025,9,TME,TME_ROL_02,TME_ROL_02,TME_TA_006,OPG,OPG+,,FALSE,
OBS_000678,1/11/2025,9,CHP,CHP_ROL_01,CHP_ROL_01,CHP_TA_005,OPG,OPG+,,FALSE,
OBS_000674,1/11/2025,9,MRA,MRA_ROL_02,MRA_ROL_02,MRA_TA_013,OPG,OPG-,,FALSE,
OBS_000675,1/11/2025,9,MRA,MRA_ROL_05,MRA_ROL_05,MRA_TA_018,OPG,OPG+,,FALSE,
OBS_000676,1/11/2025,9,MRA,MRA_ROL_03,MRA_ROL_03,MRA_TA_019,OPG,OPG+,,FALSE,
OBS_000677,1/11/2025,9,MRA,MRA_ROL_01,MRA_ROL_01,MRA_TA_011,OPG,OPG+,,FALSE,
OBS_001069,1/11/2025,9,MRA,MRA_ROL_07,MRA_ROL_03,MRA_TA_003,OCC,OCC-,R03,TRUE,R03CM04
OBS_001074,1/11/2025,9,MRA,MRA_ROL_08,MRA_ROL_02,MRA_TA_017,OCC,OCC-,R02,TRUE,R02CP03
OBS_000679,1/11/2025,9,PLC,PLC_ROL_01,PLC_ROL_01,PLC_TA_010,OPG,OPG+,,FALSE,
OBS_000680,1/11/2025,9,PLC,PLC_ROL_10,PLC_ROL_10,PLC_TA_018,OPG,OPG+,,FALSE,
OBS_000681,1/11/2025,9,PLC,PLC_ROL_12,PLC_ROL_12,PLC_TA_011,OPG,OPG+,,FALSE,
OBS_000682,1/11/2025,9,STM,STM_ROL_02,STM_ROL_02,STM_TA_017,OPG,OPG+,,FALSE,
OBS_000683,1/11/2025,9,TME,TME_ROL_07,TME_ROL_07,TME_TA_003,OPG,OPG+,,FALSE,
OBS_000684,1/11/2025,9,TME,TME_ROL_04,TME_ROL_04,TME_TA_011,OPG,OPG+,,FALSE,
OBS_000685,1/11/2025,9,TME,TME_ROL_05,TME_ROL_05,TME_TA_007,OPG,OPG+,,FALSE,
OBS_000690,1/12/2025,9,CHP,CHP_ROL_07,CHP_ROL_07,CHP_TA_004,OPG,OPG+,,FALSE,
OBS_000691,1/12/2025,9,CHP,CHP_ROL_09,CHP_ROL_09,CHP_TA_010,OPG,OPG-,,FALSE,
OBS_000686,1/12/2025,9,MRA,MRA_ROL_08,MRA_ROL_08,MRA_TA_018,OPG,OPG+,,FALSE,
OBS_000687,1/12/2025,9,MRA,MRA_ROL_01,MRA_ROL_01,MRA_TA_004,OPG,OPG+,,FALSE,
OBS_000688,1/12/2025,9,MRA,MRA_ROL_08,MRA_ROL_08,MRA_TA_008,OPG,OPG+,,FALSE,
OBS_000689,1/12/2025,9,MRA,MRA_ROL_04,MRA_ROL_04,MRA_TA_002,OPG,OPG+,,FALSE,
OBS_001077,1/12/2025,9,MRA,MRA_ROL_05,MRA_ROL_01,MRA_TA_021,OCC,OCC+,R01,TRUE,R01CP04
OBS_000692,1/12/2025,9,PLC,PLC_ROL_06,PLC_ROL_06,PLC_TA_017,OPG,OPG+,,FALSE,
OBS_000693,1/12/2025,9,PLC,PLC_ROL_08,PLC_ROL_08,PLC_TA_016,OPG,OPG-,,FALSE,
OBS_000694,1/12/2025,9,PLC,PLC_ROL_11,PLC_ROL_11,PLC_TA_007,OPG,OPG+,,FALSE,
OBS_000695,1/12/2025,9,STM,STM_ROL_02,STM_ROL_02,STM_TA_006,OPG,OPG+,,FALSE,
OBS_000696,1/12/2025,9,TME,TME_ROL_01,TME_ROL_01,TME_TA_003,OPG,OPG+,,FALSE,
OBS_000697,1/12/2025,9,TME,TME_ROL_04,TME_ROL_04,TME_TA_014,OPG,OPG+,,FALSE,
OBS_000698,1/12/2025,9,TME,TME_ROL_04,TME_ROL_04,TME_TA_014,OPG,OPG+,,FALSE,
OBS_000701,1/13/2025,10,CHP,CHP_ROL_03,CHP_ROL_03,CHP_TA_009,OPG,OPG+,,FALSE,
OBS_001079,1/13/2025,10,CHP,CHP_ROL_05,CHP_ROL_03,CHP_TA_020,OCC,OCC+,R03,TRUE,R03CP03
OBS_000699,1/13/2025,10,MRA,MRA_ROL_03,MRA_ROL_03,MRA_TA_001,OPG,OPG+,,FALSE,
OBS_000700,1/13/2025,10,MRA,MRA_ROL_06,MRA_ROL_06,MRA_TA_002,OPG,OPG-,,FALSE,
OBS_000702,1/13/2025,10,PLC,PLC_ROL_04,PLC_ROL_04,PLC_TA_009,OPG,OPG+,,FALSE,
OBS_000703,1/13/2025,10,PLC,PLC_ROL_08,PLC_ROL_08,PLC_TA_013,OPG,OPG+,,FALSE,
OBS_000704,1/13/2025,10,PLC,PLC_ROL_01,PLC_ROL_01,PLC_TA_013,OPG,OPG+,,FALSE,
OBS_000705,1/13/2025,10,STM,STM_ROL_01,STM_ROL_01,STM_TA_003,OPG,OPG+,,FALSE,
OBS_000706,1/13/2025,10,STM,STM_ROL_01,STM_ROL_01,STM_TA_003,OPG,OPG+,,FALSE,
OBS_000707,1/13/2025,10,STM,STM_ROL_02,STM_ROL_02,STM_TA_010,OPG,OPG+,,FALSE,
OBS_000708,1/13/2025,10,TME,TME_ROL_02,TME_ROL_02,TME_TA_010,OPG,OPG+,,FALSE,
OBS_000709,1/13/2025,10,TME,TME_ROL_08,TME_ROL_08,TME_TA_013,OPG,OPG+,,FALSE,
OBS_000714,1/14/2025,10,CHP,CHP_ROL_03,CHP_ROL_03,CHP_TA_004,OPG,OPG-,,FALSE,
OBS_000715,1/14/2025,10,CHP,CHP_ROL_07,CHP_ROL_07,CHP_TA_018,OPG,OPG+,,FALSE,
OBS_000716,1/14/2025,10,CHP,CHP_ROL_02,CHP_ROL_02,CHP_TA_010,OPG,OPG+,,FALSE,
OBS_000710,1/14/2025,10,MRA,MRA_ROL_01,MRA_ROL_01,MRA_TA_016,OPG,OPG+,,FALSE,
OBS_000711,1/14/2025,10,MRA,MRA_ROL_04,MRA_ROL_04,MRA_TA_005,OPG,OPG+,,FALSE,
OBS_000712,1/14/2025,10,MRA,MRA_ROL_05,MRA_ROL_05,MRA_TA_021,OPG,OPG-,,FALSE,
OBS_000713,1/14/2025,10,MRA,MRA_ROL_06,MRA_ROL_06,MRA_TA_001,OPG,OPG+,,FALSE,
OBS_000717,1/14/2025,10,PLC,PLC_ROL_12,PLC_ROL_12,PLC_TA_012,OPG,OPG+,,FALSE,
OBS_000718,1/14/2025,10,PLC,PLC_ROL_11,PLC_ROL_11,PLC_TA_017,OPG,OPG-,,FALSE,
OBS_000719,1/14/2025,10,PLC,PLC_ROL_03,PLC_ROL_03,PLC_TA_008,OPG,OPG+,,FALSE,
OBS_000720,1/14/2025,10,STM,STM_ROL_04,STM_ROL_04,STM_TA_004,OPG,OPG+,,FALSE,
OBS_000721,1/14/2025,10,STM,STM_ROL_01,STM_ROL_01,STM_TA_018,OPG,OPG+,,FALSE,
OBS_000722,1/14/2025,10,TME,TME_ROL_02,TME_ROL_02,TME_TA_010,OPG,OPG+,,FALSE,
OBS_000723,1/14/2025,10,TME,TME_ROL_05,TME_ROL_05,TME_TA_004,OPG,OPG+,,FALSE,
OBS_000724,1/14/2025,10,TME,TME_ROL_08,TME_ROL_08,TME_TA_011,OPG,OPG+,,FALSE,
OBS_000729,1/15/2025,10,CHP,CHP_ROL_06,CHP_ROL_06,CHP_TA_011,OPG,OPG+,,FALSE,
OBS_000730,1/15/2025,10,CHP,CHP_ROL_03,CHP_ROL_03,CHP_TA_001,OPG,OPG+,,FALSE,
OBS_000731,1/15/2025,10,CHP,CHP_ROL_04,CHP_ROL_04,CHP_TA_014,OPG,OPG+,,FALSE,
OBS_001080,1/15/2025,10,CHP,CHP_ROL_03,CHP_ROL_03,CHP_TA_015,OCC,OCC+,R03,TRUE,R03CC04
OBS_001086,1/15/2025,10,CHP,CHP_ROL_05,CHP_ROL_08,CHP_TA_013,OCC,OCC-,R02,TRUE,R02CC01
OBS_000725,1/15/2025,10,MRA,MRA_ROL_04,MRA_ROL_04,MRA_TA_004,OPG,OPG+,,FALSE,
OBS_000726,1/15/2025,10,MRA,MRA_ROL_02,MRA_ROL_02,MRA_TA_007,OPG,OPG+,,FALSE,
OBS_000727,1/15/2025,10,MRA,MRA_ROL_08,MRA_ROL_08,MRA_TA_011,OPG,OPG+,,FALSE,
OBS_000728,1/15/2025,10,MRA,MRA_ROL_05,MRA_ROL_05,MRA_TA_019,OPG,OPG+,,FALSE,
OBS_000732,1/15/2025,10,PLC,PLC_ROL_03,PLC_ROL_03,PLC_TA_011,OPG,OPG+,,FALSE,
OBS_000733,1/15/2025,10,PLC,PLC_ROL_08,PLC_ROL_08,PLC_TA_015,OPG,OPG+,,FALSE,
OBS_001081,1/15/2025,10,PLC,PLC_ROL_08,PLC_ROL_03,PLC_TA_017,OCC,OCC+,R03,TRUE,R03CP02
OBS_000734,1/15/2025,10,STM,STM_ROL_08,STM_ROL_08,STM_TA_018,OPG,OPG-,,FALSE,
OBS_000735,1/15/2025,10,STM,STM_ROL_02,STM_ROL_02,STM_TA_009,OPG,OPG+,,FALSE,
OBS_000736,1/15/2025,10,TME,TME_ROL_04,TME_ROL_04,TME_TA_009,OPG,OPG+,,FALSE,
OBS_000741,1/16/2025,10,CHP,CHP_ROL_07,CHP_ROL_07,CHP_TA_008,OPG,OPG+,,FALSE,
OBS_000742,1/16/2025,10,CHP,CHP_ROL_05,CHP_ROL_05,CHP_TA_005,OPG,OPG+,,FALSE,
OBS_001085,1/16/2025,10,CHP,CHP_ROL_07,CHP_ROL_07,CHP_TA_016,OCC,OCC-,R03,TRUE,R03CP02
OBS_000737,1/16/2025,10,MRA,MRA_ROL_02,MRA_ROL_02,MRA_TA_003,OPG,OPG+,,FALSE,
OBS_000738,1/16/2025,10,MRA,MRA_ROL_01,MRA_ROL_01,MRA_TA_019,OPG,OPG+,,FALSE,
OBS_000739,1/16/2025,10,MRA,MRA_ROL_04,MRA_ROL_04,MRA_TA_002,OPG,OPG+,,FALSE,
OBS_000740,1/16/2025,10,MRA,MRA_ROL_08,MRA_ROL_08,MRA_TA_021,OPG,OPG+,,FALSE,
OBS_000743,1/16/2025,10,PLC,PLC_ROL_02,PLC_ROL_02,PLC_TA_013,OPG,OPG+,,FALSE,
OBS_000744,1/16/2025,10,PLC,PLC_ROL_01,PLC_ROL_01,PLC_TA_008,OPG,OPG+,,FALSE,
OBS_000745,1/16/2025,10,PLC,PLC_ROL_10,PLC_ROL_10,PLC_TA_006,OPG,OPG+,,FALSE,
OBS_000746,1/16/2025,10,STM,STM_ROL_08,STM_ROL_08,STM_TA_006,OPG,OPG+,,FALSE,
OBS_001078,1/16/2025,10,STM,STM_ROL_01,STM_ROL_05,STM_TA_016,OCC,OCC+,R03,TRUE,R03CP04
OBS_000747,1/16/2025,10,TME,TME_ROL_03,TME_ROL_03,TME_TA_016,OPG,OPG+,,FALSE,
OBS_000748,1/16/2025,10,TME,TME_ROL_01,TME_ROL_01,TME_TA_008,OPG,OPG+,,FALSE,
OBS_000749,1/16/2025,10,TME,TME_ROL_04,TME_ROL_04,TME_TA_003,OPG,OPG+,,FALSE,
OBS_000752,1/17/2025,10,CHP,CHP_ROL_01,CHP_ROL_01,CHP_TA_002,OPG,OPG+,,FALSE,
OBS_000753,1/17/2025,10,CHP,CHP_ROL_06,CHP_ROL_06,CHP_TA_004,OPG,OPG+,,FALSE,
OBS_000750,1/17/2025,10,MRA,MRA_ROL_01,MRA_ROL_01,MRA_TA_022,OPG,OPG+,,FALSE,
OBS_000751,1/17/2025,10,MRA,MRA_ROL_06,MRA_ROL_06,MRA_TA_013,OPG,OPG+,,FALSE,
OBS_000754,1/17/2025,10,PLC,PLC_ROL_11,PLC_ROL_11,PLC_TA_009,OPG,OPG+,,FALSE,
OBS_000755,1/17/2025,10,PLC,PLC_ROL_05,PLC_ROL_05,PLC_TA_019,OPG,OPG+,,FALSE,
OBS_000756,1/17/2025,10,PLC,PLC_ROL_03,PLC_ROL_03,PLC_TA_013,OPG,OPG+,,FALSE,
OBS_000757,1/17/2025,10,STM,STM_ROL_02,STM_ROL_02,STM_TA_017,OPG,OPG+,,FALSE,
OBS_000758,1/17/2025,10,STM,STM_ROL_04,STM_ROL_04,STM_TA_017,OPG,OPG+,,FALSE,
OBS_001090,1/17/2025,10,STM,STM_ROL_06,STM_ROL_01,STM_TA_001,OCC,OCC+,R02,TRUE,R02CC06
OBS_000759,1/17/2025,10,TME,TME_ROL_08,TME_ROL_08,TME_TA_016,OPG,OPG+,,FALSE,
OBS_000760,1/17/2025,10,TME,TME_ROL_01,TME_ROL_01,TME_TA_005,OPG,OPG+,,FALSE,
OBS_000763,1/18/2025,10,CHP,CHP_ROL_02,CHP_ROL_02,CHP_TA_008,OPG,OPG+,,FALSE,
OBS_000764,1/18/2025,10,CHP,CHP_ROL_06,CHP_ROL_06,CHP_TA_004,OPG,OPG+,,FALSE,
OBS_001084,1/18/2025,10,CHP,CHP_ROL_03,CHP_ROL_08,CHP_TA_013,OCC,OCC-,R03,TRUE,R03CC02
OBS_001087,1/18/2025,10,CHP,CHP_ROL_02,CHP_ROL_09,CHP_TA_012,OCC,OCC+,R02,TRUE,R02CC02
OBS_000761,1/18/2025,10,MRA,MRA_ROL_02,MRA_ROL_02,MRA_TA_017,OPG,OPG+,,FALSE,
OBS_000762,1/18/2025,10,MRA,MRA_ROL_04,MRA_ROL_04,MRA_TA_005,OPG,OPG+,,FALSE,
OBS_001092,1/18/2025,10,MRA,MRA_ROL_02,MRA_ROL_01,MRA_TA_020,OCC,OCC+,R01,TRUE,R01CC01
OBS_000765,1/18/2025,10,PLC,PLC_ROL_08,PLC_ROL_08,PLC_TA_007,OPG,OPG+,,FALSE,
OBS_000766,1/18/2025,10,PLC,PLC_ROL_11,PLC_ROL_11,PLC_TA_014,OPG,OPG-,,FALSE,
OBS_001093,1/18/2025,10,PLC,PLC_ROL_12,PLC_ROL_02,PLC_TA_003,OCC,OCC+,R01,TRUE,R01CC04
OBS_000767,1/18/2025,10,STM,STM_ROL_03,STM_ROL_03,STM_TA_019,OPG,OPG+,,FALSE,
OBS_000768,1/18/2025,10,TME,TME_ROL_01,TME_ROL_01,TME_TA_005,OPG,OPG-,,FALSE,
OBS_000772,1/19/2025,10,CHP,CHP_ROL_08,CHP_ROL_08,CHP_TA_006,OPG,OPG+,,FALSE,
OBS_000773,1/19/2025,10,CHP,CHP_ROL_07,CHP_ROL_07,CHP_TA_020,OPG,OPG-,,FALSE,
OBS_000769,1/19/2025,10,MRA,MRA_ROL_03,MRA_ROL_03,MRA_TA_017,OPG,OPG+,,FALSE,
OBS_000770,1/19/2025,10,MRA,MRA_ROL_01,MRA_ROL_01,MRA_TA_022,OPG,OPG+,,FALSE,
OBS_000771,1/19/2025,10,MRA,MRA_ROL_02,MRA_ROL_02,MRA_TA_007,OPG,OPG+,,FALSE,
OBS_001082,1/19/2025,10,MRA,MRA_ROL_03,MRA_ROL_08,MRA_TA_014,OCC,OCC-,R03,TRUE,R03CC05
OBS_001089,1/19/2025,10,MRA,MRA_ROL_08,MRA_ROL_04,MRA_TA_022,OCC,OCC+,R02,TRUE,R02CM01
OBS_001091,1/19/2025,10,MRA,MRA_ROL_08,MRA_ROL_06,MRA_TA_008,OCC,OCC+,R01,TRUE,R01CC04
OBS_000774,1/19/2025,10,PLC,PLC_ROL_03,PLC_ROL_03,PLC_TA_017,OPG,OPG+,,FALSE,
OBS_000775,1/19/2025,10,PLC,PLC_ROL_12,PLC_ROL_12,PLC_TA_011,OPG,OPG+,,FALSE,
OBS_000776,1/19/2025,10,PLC,PLC_ROL_10,PLC_ROL_10,PLC_TA_019,OPG,OPG-,,FALSE,
OBS_000777,1/19/2025,10,STM,STM_ROL_07,STM_ROL_07,STM_TA_005,OPG,OPG-,,FALSE,
OBS_000778,1/19/2025,10,STM,STM_ROL_04,STM_ROL_04,STM_TA_017,OPG,OPG+,,FALSE,
OBS_000779,1/19/2025,10,TME,TME_ROL_07,TME_ROL_07,TME_TA_005,OPG,OPG+,,FALSE,
OBS_000780,1/19/2025,10,TME,TME_ROL_03,TME_ROL_03,TME_TA_016,OPG,OPG+,,FALSE,
OBS_000781,1/19/2025,10,TME,TME_ROL_01,TME_ROL_01,TME_TA_004,OPG,OPG-,,FALSE,
OBS_001083,1/19/2025,10,TME,TME_ROL_04,TME_ROL_06,TME_TA_002,OCC,OCC+,R03,TRUE,R03CC06
OBS_001088,1/19/2025,10,TME,TME_ROL_06,TME_ROL_05,TME_TA_009,OCC,OCC-,R02,TRUE,R02CP03
OBS_000786,1/20/2025,11,CHP,CHP_ROL_07,CHP_ROL_07,CHP_TA_012,OPG,OPG+,,FALSE,
OBS_000787,1/20/2025,11,CHP,CHP_ROL_02,CHP_ROL_02,CHP_TA_014,OPG,OPG-,,FALSE,
OBS_001097,1/20/2025,11,CHP,CHP_ROL_08,CHP_ROL_02,CHP_TA_016,OCC,OCC-,R02,TRUE,R02CC06
OBS_000782,1/20/2025,11,MRA,MRA_ROL_03,MRA_ROL_03,MRA_TA_020,OPG,OPG+,,FALSE,
OBS_000783,1/20/2025,11,MRA,MRA_ROL_01,MRA_ROL_01,MRA_TA_022,OPG,OPG+,,FALSE,
OBS_000784,1/20/2025,11,MRA,MRA_ROL_07,MRA_ROL_07,MRA_TA_012,OPG,OPG+,,FALSE,
OBS_000785,1/20/2025,11,MRA,MRA_ROL_07,MRA_ROL_07,MRA_TA_008,OPG,OPG+,,FALSE,
OBS_001100,1/20/2025,11,MRA,MRA_ROL_01,MRA_ROL_08,MRA_TA_005,OCC,OCC-,R02,TRUE,R02CM03
OBS_000788,1/20/2025,11,PLC,PLC_ROL_04,PLC_ROL_04,PLC_TA_003,OPG,OPG+,,FALSE,
OBS_000789,1/20/2025,11,PLC,PLC_ROL_09,PLC_ROL_09,PLC_TA_014,OPG,OPG+,,FALSE,
OBS_001108,1/20/2025,11,PLC,PLC_ROL_03,PLC_ROL_01,PLC_TA_007,OCC,OCC+,R03,TRUE,R03CP01
OBS_001109,1/20/2025,11,PLC,PLC_ROL_07,PLC_ROL_02,PLC_TA_018,OCC,OCC+,R03,TRUE,R03CM04
OBS_000790,1/20/2025,11,STM,STM_ROL_01,STM_ROL_01,STM_TA_019,OPG,OPG+,,FALSE,
OBS_001105,1/20/2025,11,STM,STM_ROL_06,STM_ROL_06,STM_TA_003,OCC,OCC-,R01,TRUE,R01CC03
OBS_000791,1/20/2025,11,TME,TME_ROL_01,TME_ROL_01,TME_TA_013,OPG,OPG+,,FALSE,
OBS_000792,1/20/2025,11,TME,TME_ROL_06,TME_ROL_06,TME_TA_014,OPG,OPG+,,FALSE,
OBS_000793,1/20/2025,11,TME,TME_ROL_03,TME_ROL_03,TME_TA_014,OPG,OPG+,,FALSE,
OBS_000797,1/21/2025,11,CHP,CHP_ROL_08,CHP_ROL_08,CHP_TA_006,OPG,OPG+,,FALSE,
OBS_000798,1/21/2025,11,CHP,CHP_ROL_09,CHP_ROL_09,CHP_TA_016,OPG,OPG+,,FALSE,
OBS_000799,1/21/2025,11,CHP,CHP_ROL_05,CHP_ROL_05,CHP_TA_019,OPG,OPG+,,FALSE,
OBS_000794,1/21/2025,11,MRA,MRA_ROL_05,MRA_ROL_05,MRA_TA_018,OPG,OPG+,,FALSE,
OBS_000795,1/21/2025,11,MRA,MRA_ROL_06,MRA_ROL_06,MRA_TA_020,OPG,OPG+,,FALSE,
OBS_000796,1/21/2025,11,MRA,MRA_ROL_07,MRA_ROL_07,MRA_TA_007,OPG,OPG+,,FALSE,
OBS_000800,1/21/2025,11,PLC,PLC_ROL_07,PLC_ROL_07,PLC_TA_005,OPG,OPG+,,FALSE,
OBS_000801,1/21/2025,11,PLC,PLC_ROL_11,PLC_ROL_11,PLC_TA_004,OPG,OPG+,,FALSE,
OBS_000802,1/21/2025,11,PLC,PLC_ROL_08,PLC_ROL_08,PLC_TA_006,OPG,OPG-,,FALSE,
OBS_000803,1/21/2025,11,STM,STM_ROL_07,STM_ROL_07,STM_TA_011,OPG,OPG+,,FALSE,
OBS_000804,1/21/2025,11,STM,STM_ROL_01,STM_ROL_01,STM_TA_006,OPG,OPG+,,FALSE,
OBS_000805,1/21/2025,11,STM,STM_ROL_01,STM_ROL_01,STM_TA_003,OPG,OPG+,,FALSE,
OBS_000806,1/21/2025,11,TME,TME_ROL_07,TME_ROL_07,TME_TA_003,OPG,OPG-,,FALSE,
OBS_000807,1/21/2025,11,TME,TME_ROL_04,TME_ROL_04,TME_TA_012,OPG,OPG-,,FALSE,
OBS_001098,1/21/2025,11,TME,TME_ROL_02,TME_ROL_03,TME_TA_014,OCC,OCC+,R02,TRUE,R02CM04
OBS_001099,1/21/2025,11,TME,TME_ROL_05,TME_ROL_02,TME_TA_002,OCC,OCC+,R02,TRUE,R02CM03
OBS_000810,1/22/2025,11,CHP,CHP_ROL_08,CHP_ROL_08,CHP_TA_015,OPG,OPG-,,FALSE,
OBS_001096,1/22/2025,11,CHP,CHP_ROL_07,CHP_ROL_07,CHP_TA_011,OCC,OCC+,R02,TRUE,R02CC02
OBS_000808,1/22/2025,11,MRA,MRA_ROL_07,MRA_ROL_07,MRA_TA_013,OPG,OPG+,,FALSE,
OBS_000809,1/22/2025,11,MRA,MRA_ROL_05,MRA_ROL_05,MRA_TA_020,OPG,OPG-,,FALSE,
OBS_000811,1/22/2025,11,PLC,PLC_ROL_09,PLC_ROL_09,PLC_TA_010,OPG,OPG+,,FALSE,
OBS_000812,1/22/2025,11,PLC,PLC_ROL_10,PLC_ROL_10,PLC_TA_017,OPG,OPG+,,FALSE,
OBS_000813,1/22/2025,11,PLC,PLC_ROL_04,PLC_ROL_04,PLC_TA_006,OPG,OPG+,,FALSE,
OBS_000814,1/22/2025,11,STM,STM_ROL_04,STM_ROL_04,STM_TA_001,OPG,OPG+,,FALSE,
OBS_000815,1/22/2025,11,STM,STM_ROL_02,STM_ROL_02,STM_TA_009,OPG,OPG+,,FALSE,
OBS_000816,1/22/2025,11,TME,TME_ROL_07,TME_ROL_07,TME_TA_013,OPG,OPG+,,FALSE,
OBS_000817,1/22/2025,11,TME,TME_ROL_01,TME_ROL_01,TME_TA_003,OPG,OPG+,,FALSE,
OBS_001095,1/22/2025,11,TME,TME_ROL_05,TME_ROL_07,TME_TA_011,OCC,OCC-,R02,TRUE,R02CM03
OBS_000822,1/23/2025,11,CHP,CHP_ROL_01,CHP_ROL_01,CHP_TA_009,OPG,OPG+,,FALSE,
OBS_000823,1/23/2025,11,CHP,CHP_ROL_09,CHP_ROL_09,CHP_TA_004,OPG,OPG+,,FALSE,
OBS_000824,1/23/2025,11,CHP,CHP_ROL_09,CHP_ROL_09,CHP_TA_010,OPG,OPG+,,FALSE,
OBS_000818,1/23/2025,11,MRA,MRA_ROL_05,MRA_ROL_05,MRA_TA_018,OPG,OPG+,,FALSE,
OBS_000819,1/23/2025,11,MRA,MRA_ROL_06,MRA_ROL_06,MRA_TA_012,OPG,OPG+,,FALSE,
OBS_000820,1/23/2025,11,MRA,MRA_ROL_05,MRA_ROL_05,MRA_TA_008,OPG,OPG+,,FALSE,
OBS_000821,1/23/2025,11,MRA,MRA_ROL_04,MRA_ROL_04,MRA_TA_015,OPG,OPG+,,FALSE,
OBS_000825,1/23/2025,11,PLC,PLC_ROL_09,PLC_ROL_09,PLC_TA_009,OPG,OPG+,,FALSE,
OBS_000826,1/23/2025,11,STM,STM_ROL_05,STM_ROL_05,STM_TA_015,OPG,OPG+,,FALSE,
OBS_000827,1/23/2025,11,STM,STM_ROL_08,STM_ROL_08,STM_TA_008,OPG,OPG+,,FALSE,
OBS_000828,1/23/2025,11,STM,STM_ROL_08,STM_ROL_08,STM_TA_015,OPG,OPG+,,FALSE,
OBS_001107,1/23/2025,11,STM,STM_ROL_02,STM_ROL_06,STM_TA_016,OCC,OCC+,R03,TRUE,R03CM01
OBS_000829,1/23/2025,11,TME,TME_ROL_08,TME_ROL_08,TME_TA_004,OPG,OPG+,,FALSE,
OBS_001102,1/23/2025,11,TME,TME_ROL_08,TME_ROL_07,TME_TA_013,OCC,OCC+,R01,TRUE,R01CM04
OBS_000833,1/24/2025,11,CHP,CHP_ROL_07,CHP_ROL_07,CHP_TA_011,OPG,OPG-,,FALSE,
OBS_000830,1/24/2025,11,MRA,MRA_ROL_04,MRA_ROL_04,MRA_TA_022,OPG,OPG+,,FALSE,
OBS_000831,1/24/2025,11,MRA,MRA_ROL_06,MRA_ROL_06,MRA_TA_014,OPG,OPG+,,FALSE,
OBS_000832,1/24/2025,11,MRA,MRA_ROL_01,MRA_ROL_01,MRA_TA_009,OPG,OPG+,,FALSE,
OBS_000834,1/24/2025,11,PLC,PLC_ROL_08,PLC_ROL_08,PLC_TA_011,OPG,OPG+,,FALSE,
OBS_000835,1/24/2025,11,STM,STM_ROL_05,STM_ROL_05,STM_TA_006,OPG,OPG+,,FALSE,
OBS_000836,1/24/2025,11,STM,STM_ROL_04,STM_ROL_04,STM_TA_016,OPG,OPG+,,FALSE,
OBS_000837,1/24/2025,11,STM,STM_ROL_04,STM_ROL_04,STM_TA_008,OPG,OPG+,,FALSE,
OBS_000838,1/24/2025,11,TME,TME_ROL_04,TME_ROL_04,TME_TA_007,OPG,OPG+,,FALSE,
OBS_000843,1/25/2025,11,CHP,CHP_ROL_08,CHP_ROL_08,CHP_TA_019,OPG,OPG+,,FALSE,
OBS_000844,1/25/2025,11,CHP,CHP_ROL_08,CHP_ROL_08,CHP_TA_006,OPG,OPG+,,FALSE,
OBS_000839,1/25/2025,11,MRA,MRA_ROL_06,MRA_ROL_06,MRA_TA_005,OPG,OPG+,,FALSE,
OBS_000840,1/25/2025,11,MRA,MRA_ROL_02,MRA_ROL_02,MRA_TA_003,OPG,OPG+,,FALSE,
OBS_000841,1/25/2025,11,MRA,MRA_ROL_08,MRA_ROL_08,MRA_TA_020,OPG,OPG-,,FALSE,
OBS_000842,1/25/2025,11,MRA,MRA_ROL_01,MRA_ROL_01,MRA_TA_016,OPG,OPG+,,FALSE,
OBS_000845,1/25/2025,11,PLC,PLC_ROL_05,PLC_ROL_05,PLC_TA_013,OPG,OPG+,,FALSE,
OBS_000846,1/25/2025,11,PLC,PLC_ROL_10,PLC_ROL_10,PLC_TA_005,OPG,OPG-,,FALSE,
OBS_000847,1/25/2025,11,PLC,PLC_ROL_07,PLC_ROL_07,PLC_TA_016,OPG,OPG+,,FALSE,
OBS_000848,1/25/2025,11,STM,STM_ROL_06,STM_ROL_06,STM_TA_013,OPG,OPG+,,FALSE,
OBS_001101,1/25/2025,11,STM,STM_ROL_05,STM_ROL_03,STM_TA_011,OCC,OCC-,R02,TRUE,R02CM01
OBS_001104,1/25/2025,11,STM,STM_ROL_06,STM_ROL_05,STM_TA_013,OCC,OCC+,R01,TRUE,R01CP06
OBS_000849,1/25/2025,11,TME,TME_ROL_08,TME_ROL_08,TME_TA_004,OPG,OPG+,,FALSE,
OBS_000853,1/26/2025,11,CHP,CHP_ROL_03,CHP_ROL_03,CHP_TA_018,OPG,OPG+,,FALSE,
OBS_000854,1/26/2025,11,CHP,CHP_ROL_05,CHP_ROL_05,CHP_TA_016,OPG,OPG+,,FALSE,
OBS_001106,1/26/2025,11,CHP,CHP_ROL_03,CHP_ROL_09,CHP_TA_002,OCC,OCC-,R01,TRUE,R01CP01
OBS_000850,1/26/2025,11,MRA,MRA_ROL_06,MRA_ROL_06,MRA_TA_001,OPG,OPG-,,FALSE,
OBS_000851,1/26/2025,11,MRA,MRA_ROL_04,MRA_ROL_04,MRA_TA_013,OPG,OPG+,,FALSE,
OBS_000852,1/26/2025,11,MRA,MRA_ROL_06,MRA_ROL_06,MRA_TA_012,OPG,OPG+,,FALSE,
OBS_000855,1/26/2025,11,PLC,PLC_ROL_06,PLC_ROL_06,PLC_TA_006,OPG,OPG+,,FALSE,
OBS_000856,1/26/2025,11,PLC,PLC_ROL_04,PLC_ROL_04,PLC_TA_014,OPG,OPG+,,FALSE,
OBS_000857,1/26/2025,11,STM,STM_ROL_06,STM_ROL_06,STM_TA_013,OPG,OPG+,,FALSE,
OBS_000858,1/26/2025,11,STM,STM_ROL_03,STM_ROL_03,STM_TA_019,OPG,OPG-,,FALSE,
OBS_001103,1/26/2025,11,STM,STM_ROL_04,STM_ROL_01,STM_TA_013,OCC,OCC-,R01,TRUE,R01CC03
OBS_000859,1/26/2025,11,TME,TME_ROL_04,TME_ROL_04,TME_TA_004,OPG,OPG+,,FALSE,
OBS_000860,1/26/2025,11,TME,TME_ROL_04,TME_ROL_04,TME_TA_014,OPG,OPG+,,FALSE,
OBS_000861,1/26/2025,11,TME,TME_ROL_04,TME_ROL_04,TME_TA_005,OPG,OPG+,,FALSE,
OBS_001094,1/26/2025,11,TME,TME_ROL_02,TME_ROL_03,TME_TA_009,OCC,OCC+,R02,TRUE,R02CC06
OBS_000866,1/27/2025,12,CHP,CHP_ROL_01,CHP_ROL_01,CHP_TA_007,OPG,OPG+,,FALSE,
OBS_001111,1/27/2025,12,CHP,CHP_ROL_02,CHP_ROL_04,CHP_TA_017,OCC,OCC-,R02,TRUE,R02CM01
OBS_000862,1/27/2025,12,MRA,MRA_ROL_03,MRA_ROL_03,MRA_TA_016,OPG,OPG+,,FALSE,
OBS_000863,1/27/2025,12,MRA,MRA_ROL_03,MRA_ROL_03,MRA_TA_014,OPG,OPG+,,FALSE,
OBS_000864,1/27/2025,12,MRA,MRA_ROL_06,MRA_ROL_06,MRA_TA_016,OPG,OPG+,,FALSE,
OBS_000865,1/27/2025,12,MRA,MRA_ROL_01,MRA_ROL_01,MRA_TA_013,OPG,OPG-,,FALSE,
OBS_001113,1/27/2025,12,MRA,MRA_ROL_08,MRA_ROL_01,MRA_TA_008,OCC,OCC+,R02,TRUE,R02CC01
OBS_001121,1/27/2025,12,MRA,MRA_ROL_07,MRA_ROL_08,MRA_TA_005,OCC,OCC-,R01,TRUE,R01CP04
OBS_000867,1/27/2025,12,PLC,PLC_ROL_11,PLC_ROL_11,PLC_TA_004,OPG,OPG+,,FALSE,
OBS_000868,1/27/2025,12,PLC,PLC_ROL_06,PLC_ROL_06,PLC_TA_009,OPG,OPG+,,FALSE,
OBS_000869,1/27/2025,12,STM,STM_ROL_05,STM_ROL_05,STM_TA_012,OPG,OPG-,,FALSE,
OBS_000870,1/27/2025,12,STM,STM_ROL_02,STM_ROL_02,STM_TA_012,OPG,OPG+,,FALSE,
OBS_000871,1/27/2025,12,STM,STM_ROL_04,STM_ROL_04,STM_TA_019,OPG,OPG+,,FALSE,
OBS_000872,1/27/2025,12,TME,TME_ROL_03,TME_ROL_03,TME_TA_010,OPG,OPG+,,FALSE,
OBS_000873,1/27/2025,12,TME,TME_ROL_08,TME_ROL_08,TME_TA_015,OPG,OPG+,,FALSE,
OBS_000874,1/27/2025,12,TME,TME_ROL_07,TME_ROL_07,TME_TA_010,OPG,OPG+,,FALSE,
OBS_000877,1/28/2025,12,CHP,CHP_ROL_07,CHP_ROL_07,CHP_TA_003,OPG,OPG-,,FALSE,
OBS_000878,1/28/2025,12,CHP,CHP_ROL_06,CHP_ROL_06,CHP_TA_008,OPG,OPG+,,FALSE,
OBS_000879,1/28/2025,12,CHP,CHP_ROL_05,CHP_ROL_05,CHP_TA_009,OPG,OPG+,,FALSE,
OBS_000875,1/28/2025,12,MRA,MRA_ROL_03,MRA_ROL_03,MRA_TA_021,OPG,OPG+,,FALSE,
OBS_000876,1/28/2025,12,MRA,MRA_ROL_06,MRA_ROL_06,MRA_TA_014,OPG,OPG+,,FALSE,
OBS_001122,1/28/2025,12,MRA,MRA_ROL_07,MRA_ROL_04,MRA_TA_006,OCC,OCC+,R01,TRUE,R01CM03
OBS_000880,1/28/2025,12,PLC,PLC_ROL_05,PLC_ROL_05,PLC_TA_015,OPG,OPG+,,FALSE,
OBS_000881,1/28/2025,12,PLC,PLC_ROL_06,PLC_ROL_06,PLC_TA_019,OPG,OPG+,,FALSE,
OBS_000882,1/28/2025,12,STM,STM_ROL_07,STM_ROL_07,STM_TA_006,OPG,OPG+,,FALSE,
OBS_000883,1/28/2025,12,STM,STM_ROL_01,STM_ROL_01,STM_TA_005,OPG,OPG+,,FALSE,
OBS_000884,1/28/2025,12,TME,TME_ROL_05,TME_ROL_05,TME_TA_003,OPG,OPG+,,FALSE,
OBS_000885,1/28/2025,12,TME,TME_ROL_07,TME_ROL_07,TME_TA_004,OPG,OPG-,,FALSE,
OBS_000886,1/28/2025,12,TME,TME_ROL_08,TME_ROL_08,TME_TA_002,OPG,OPG-,,FALSE,
OBS_000890,1/29/2025,12,CHP,CHP_ROL_05,CHP_ROL_05,CHP_TA_015,OPG,OPG+,,FALSE,
OBS_000891,1/29/2025,12,CHP,CHP_ROL_03,CHP_ROL_03,CHP_TA_017,OPG,OPG+,,FALSE,
OBS_000892,1/29/2025,12,CHP,CHP_ROL_01,CHP_ROL_01,CHP_TA_002,OPG,OPG+,,FALSE,
OBS_000887,1/29/2025,12,MRA,MRA_ROL_02,MRA_ROL_02,MRA_TA_004,OPG,OPG+,,FALSE,
OBS_000888,1/29/2025,12,MRA,MRA_ROL_03,MRA_ROL_03,MRA_TA_003,OPG,OPG+,,FALSE,
OBS_000889,1/29/2025,12,MRA,MRA_ROL_07,MRA_ROL_07,MRA_TA_010,OPG,OPG+,,FALSE,
OBS_001117,1/29/2025,12,MRA,MRA_ROL_06,MRA_ROL_04,MRA_TA_002,OCC,OCC+,R02,TRUE,R02CC05
OBS_000893,1/29/2025,12,PLC,PLC_ROL_08,PLC_ROL_08,PLC_TA_015,OPG,OPG+,,FALSE,
OBS_000894,1/29/2025,12,PLC,PLC_ROL_09,PLC_ROL_09,PLC_TA_009,OPG,OPG+,,FALSE,
OBS_000895,1/29/2025,12,STM,STM_ROL_03,STM_ROL_03,STM_TA_019,OPG,OPG+,,FALSE,
OBS_000896,1/29/2025,12,TME,TME_ROL_07,TME_ROL_07,TME_TA_010,OPG,OPG+,,FALSE,
OBS_000897,1/29/2025,12,TME,TME_ROL_08,TME_ROL_08,TME_TA_008,OPG,OPG+,,FALSE,
OBS_000898,1/29/2025,12,TME,TME_ROL_08,TME_ROL_08,TME_TA_010,OPG,OPG+,,FALSE,
OBS_001124,1/29/2025,12,TME,TME_ROL_02,TME_ROL_02,TME_TA_012,OCC,OCC+,R03,TRUE,R03CP01
OBS_000902,1/30/2025,12,CHP,CHP_ROL_05,CHP_ROL_05,CHP_TA_001,OPG,OPG+,,FALSE,
OBS_000903,1/30/2025,12,CHP,CHP_ROL_05,CHP_ROL_05,CHP_TA_020,OPG,OPG+,,FALSE,
OBS_000899,1/30/2025,12,MRA,MRA_ROL_03,MRA_ROL_03,MRA_TA_010,OPG,OPG-,,FALSE,
OBS_000900,1/30/2025,12,MRA,MRA_ROL_03,MRA_ROL_03,MRA_TA_012,OPG,OPG+,,FALSE,
OBS_000901,1/30/2025,12,MRA,MRA_ROL_01,MRA_ROL_01,MRA_TA_016,OPG,OPG+,,FALSE,
OBS_000904,1/30/2025,12,PLC,PLC_ROL_09,PLC_ROL_09,PLC_TA_012,OPG,OPG+,,FALSE,
OBS_001112,1/30/2025,12,PLC,PLC_ROL_12,PLC_ROL_10,PLC_TA_008,OCC,OCC-,R02,TRUE,R02CC05
OBS_000905,1/30/2025,12,STM,STM_ROL_07,STM_ROL_07,STM_TA_013,OPG,OPG+,,FALSE,
OBS_000906,1/30/2025,12,STM,STM_ROL_07,STM_ROL_07,STM_TA_013,OPG,OPG+,,FALSE,
OBS_000907,1/30/2025,12,STM,STM_ROL_02,STM_ROL_02,STM_TA_014,OPG,OPG+,,FALSE,
OBS_000908,1/30/2025,12,TME,TME_ROL_05,TME_ROL_05,TME_TA_010,OPG,OPG+,,FALSE,
OBS_000909,1/30/2025,12,TME,TME_ROL_05,TME_ROL_05,TME_TA_014,OPG,OPG+,,FALSE,
OBS_000910,1/30/2025,12,TME,TME_ROL_02,TME_ROL_02,TME_TA_006,OPG,OPG-,,FALSE,
OBS_000913,1/31/2025,12,CHP,CHP_ROL_01,CHP_ROL_01,CHP_TA_018,OPG,OPG-,,FALSE,
OBS_001115,1/31/2025,12,CHP,CHP_ROL_02,CHP_ROL_08,CHP_TA_020,OCC,OCC+,R02,TRUE,R02CC04
OBS_000911,1/31/2025,12,MRA,MRA_ROL_08,MRA_ROL_08,MRA_TA_020,OPG,OPG+,,FALSE,
OBS_000912,1/31/2025,12,MRA,MRA_ROL_08,MRA_ROL_08,MRA_TA_007,OPG,OPG+,,FALSE,
OBS_001118,1/31/2025,12,MRA,MRA_ROL_03,MRA_ROL_07,MRA_TA_006,OCC,OCC+,R01,TRUE,R01CP03
OBS_000914,1/31/2025,12,PLC,PLC_ROL_05,PLC_ROL_05,PLC_TA_009,OPG,OPG-,,FALSE,
OBS_001123,1/31/2025,12,PLC,PLC_ROL_10,PLC_ROL_02,PLC_TA_010,OCC,OCC+,R03,TRUE,R03CM04
OBS_000915,1/31/2025,12,STM,STM_ROL_01,STM_ROL_01,STM_TA_008,OPG,OPG-,,FALSE,
OBS_000916,1/31/2025,12,STM,STM_ROL_01,STM_ROL_01,STM_TA_016,OPG,OPG+,,FALSE,
OBS_000917,1/31/2025,12,TME,TME_ROL_05,TME_ROL_05,TME_TA_016,OPG,OPG+,,FALSE,
OBS_000918,1/31/2025,12,TME,TME_ROL_08,TME_ROL_08,TME_TA_002,OPG,OPG+,,FALSE,
OBS_000921,2/1/2025,12,CHP,CHP_ROL_05,CHP_ROL_05,CHP_TA_013,OPG,OPG+,,FALSE,
OBS_001110,2/1/2025,12,CHP,CHP_ROL_01,CHP_ROL_01,CHP_TA_011,OCC,OCC+,R02,TRUE,R02CM03
OBS_000919,2/1/2025,12,MRA,MRA_ROL_01,MRA_ROL_01,MRA_TA_009,OPG,OPG+,,FALSE,
OBS_000920,2/1/2025,12,MRA,MRA_ROL_02,MRA_ROL_02,MRA_TA_018,OPG,OPG+,,FALSE,
OBS_001119,2/1/2025,12,MRA,MRA_ROL_01,MRA_ROL_03,MRA_TA_004,OCC,OCC+,R01,TRUE,R01CP02
OBS_000922,2/1/2025,12,PLC,PLC_ROL_12,PLC_ROL_12,PLC_TA_008,OPG,OPG+,,FALSE,
OBS_000923,2/1/2025,12,STM,STM_ROL_04,STM_ROL_04,STM_TA_002,OPG,OPG+,,FALSE,
OBS_000924,2/1/2025,12,STM,STM_ROL_02,STM_ROL_02,STM_TA_017,OPG,OPG+,,FALSE,
OBS_001114,2/1/2025,12,STM,STM_ROL_05,STM_ROL_02,STM_TA_015,OCC,OCC+,R02,TRUE,R02CC02
OBS_000925,2/1/2025,12,TME,TME_ROL_08,TME_ROL_08,TME_TA_013,OPG,OPG+,,FALSE,
OBS_000929,2/2/2025,12,CHP,CHP_ROL_06,CHP_ROL_06,CHP_TA_002,OPG,OPG+,,FALSE,
OBS_000926,2/2/2025,12,MRA,MRA_ROL_06,MRA_ROL_06,MRA_TA_006,OPG,OPG+,,FALSE,
OBS_000927,2/2/2025,12,MRA,MRA_ROL_01,MRA_ROL_01,MRA_TA_018,OPG,OPG+,,FALSE,
OBS_000928,2/2/2025,12,MRA,MRA_ROL_05,MRA_ROL_05,MRA_TA_016,OPG,OPG+,,FALSE,
OBS_000930,2/2/2025,12,PLC,PLC_ROL_02,PLC_ROL_02,PLC_TA_008,OPG,OPG+,,FALSE,
OBS_001120,2/2/2025,12,PLC,PLC_ROL_01,PLC_ROL_08,PLC_TA_003,OCC,OCC+,R01,TRUE,R01CC06
OBS_001125,2/2/2025,12,PLC,PLC_ROL_08,PLC_ROL_11,PLC_TA_007,OCC,OCC+,R03,TRUE,R03CP02
OBS_000931,2/2/2025,12,STM,STM_ROL_01,STM_ROL_01,STM_TA_006,OPG,OPG+,,FALSE,
OBS_000932,2/2/2025,12,STM,STM_ROL_02,STM_ROL_02,STM_TA_013,OPG,OPG+,,FALSE,
OBS_000933,2/2/2025,12,TME,TME_ROL_01,TME_ROL_01,TME_TA_016,OPG,OPG+,,FALSE,
OBS_001116,2/2/2025,12,TME,TME_ROL_07,TME_ROL_06,TME_TA_013,OCC,OCC+,R02,TRUE,R02CP01
