id_observacion,fecha,semana,dia_semana,turno,id_area,id_rol,tipo_observacion,descripcion_observacion,accion_inmediata
OBS_000001,11/11/2024,1,Lunes,T1D,MRA,TME_ROL_01,OPG,Observación sintética tipo Observación Preventiva de Gestión,Acción sintética registrada.
OBS_000002,11/11/2024,1,Lunes,T1D,CHP,CHP_ROL_01,OPG,Observación sintética tipo Observación Preventiva de Gestión,Acción sintética registrada.
OBS_000003,11/11/2024,1,Lunes,T1D,PLC,MRA_ROL_02,OPG,Observación sintética tipo Observación Preventiva de Gestión,Acción sintética registrada.
OBS_000004,11/11/2024,1,Lunes,T2N,MRA,MRA_ROL_01,OPG,Observación sintética tipo Observación Preventiva de Gestión,Acción sintética registrada.
OBS_000005,11/11/2024,1,Lunes,T1D,CHP,CHP_ROL_02,OPG,Observación sintética tipo Observación Preventiva de Gestión,Acción sintética registrada.
OBS_000006,11/12/2024,1,Martes,T1D,PLC,CHP_ROL_02,OPG,Observación sintética tipo Observación Preventiva de Gestión,Acción sintética registrada.
OBS_000007,11/12/2024,1,Martes,T2N,CHP,STM_ROL_02,OPG,Observación sintética tipo Observación Preventiva de Gestión,Acción sintética registrada.
OBS_000008,11/12/2024,1,Martes,T2N,MRA,CHP_ROL_01,OPG,Observación sintética tipo Observación Preventiva de Gestión,Acción sintética registrada.
OBS_000009,11/12/2024,1,Martes,T2N,TME,TME_ROL_01,OCC,Observación sintética tipo Observación de Condición Crítica,Acción sintética registrada.
OBS_000010,11/12/2024,1,Martes,T1D,CHP,TME_ROL_02,OCC,Observación sintética tipo Observación de Condición Crítica,Acción sintética registrada.
OBS_000011,11/13/2024,1,Miércoles,T1D,MRA,STM_ROL_01,OPG,Observación sintética tipo Observación Preventiva de Gestión,Acción sintética registrada.
OBS_000012,11/13/2024,1,Miércoles,T1D,TME,TME_ROL_02,OPG,Observación sintética tipo Observación Preventiva de Gestión,Acción sintética registrada.
OBS_000013,11/14/2024,1,Jueves,T2N,MRA,STM_ROL_02,OPG,Observación sintética tipo Observación Preventiva de Gestión,Acción sintética registrada.
OBS_000014,11/14/2024,1,Jueves,T1D,STM,MRA_ROL_02,OPG,Observación sintética tipo Observación Preventiva de Gestión,Acción sintética registrada.
OBS_000015,11/14/2024,1,Jueves,T2N,PLC,TME_ROL_02,OPG,Observación sintética tipo Observación Preventiva de Gestión,Acción sintética registrada.
OBS_000016,11/15/2024,1,Viernes,T1D,MRA,MRA_ROL_01,OPG,Observación sintética tipo Observación Preventiva de Gestión,Acción sintética registrada.
OBS_000017,11/15/2024,1,Viernes,T1D,TME,MRA_ROL_02,OPG,Observación sintética tipo Observación Preventiva de Gestión,Acción sintética registrada.
OBS_000018,11/15/2024,1,Viernes,T1D,MRA,STM_ROL_01,OPG,Observación sintética tipo Observación Preventiva de Gestión,Acción sintética registrada.
OBS_000019,11/15/2024,1,Viernes,T2N,STM,TME_ROL_02,OPG,Observación sintética tipo Observación Preventiva de Gestión,Acción sintética registrada.
OBS_000020,11/16/2024,1,Sábado,T1D,TME,TME_ROL_02,OPG,Observación sintética tipo Observación Preventiva de Gestión,Acción sintética registrada.
OBS_000021,11/16/2024,1,Sábado,T1D,TME,MRA_ROL_02,OPG,Observación sintética tipo Observación Preventiva de Gestión,Acción sintética registrada.
OBS_000022,11/17/2024,1,Domingo,T1D,PLC,CHP_ROL_02,OPG,Observación sintética tipo Observación Preventiva de Gestión,Acción sintética registrada.
OBS_000023,11/17/2024,1,Domingo,T1D,STM,STM_ROL_01,OPG,Observación sintética tipo Observación Preventiva de Gestión,Acción sintética registrada.
OBS_000024,11/17/2024,1,Domingo,T2N,PLC,CHP_ROL_02,OPG,Observación sintética tipo Observación Preventiva de Gestión,Acción sintética registrada.
OBS_000025,11/17/2024,1,Domingo,T2N,MRA,CHP_ROL_02,OPG,Observación sintética tipo Observación Preventiva de Gestión,Acción sintética registrada.
OBS_000026,11/17/2024,1,Domingo,T1D,TME,STM_ROL_01,OCC,Observación sintética tipo Observación de Condición Crítica,Acción sintética registrada.
OBS_000027,11/18/2024,2,Lunes,T2N,MRA,CHP_ROL_02,OPG,Observación sintética tipo Observación Preventiva de Gestión,Acción sintética registrada.
OBS_000028,11/18/2024,2,Lunes,T2N,CHP,STM_ROL_02,OPG,Observación sintética tipo Observación Preventiva de Gestión,Acción sintética registrada.
OBS_000029,11/18/2024,2,Lunes,T2N,STM,CHP_ROL_01,OCC,Observación sintética tipo Observación de Condición Crítica,Acción sintética registrada.
OBS_000030,11/19/2024,2,Martes,T2N,CHP,CHP_ROL_02,OPG,Observación sintética tipo Observación Preventiva de Gestión,Acción sintética registrada.
OBS_000031,11/19/2024,2,Martes,T2N,PLC,STM_ROL_01,OPG,Observación sintética tipo Observación Preventiva de Gestión,Acción sintética registrada.
OBS_000032,11/19/2024,2,Martes,T2N,TME,CHP_ROL_02,OPG,Observación sintética tipo Observación Preventiva de Gestión,Acción sintética registrada.
OBS_000033,11/19/2024,2,Martes,T1D,PLC,STM_ROL_02,OPG,Observación sintética tipo Observación Preventiva de Gestión,Acción sintética registrada.
OBS_000034,11/19/2024,2,Martes,T1D,MRA,MRA_ROL_02,OCC,Observación sintética tipo Observación de Condición Crítica,Acción sintética registrada.
OBS_000035,11/19/2024,2,Martes,T1D,CHP,STM_ROL_01,OCC,Observación sintética tipo Observación de Condición Crítica,Acción sintética registrada.
OBS_000036,11/19/2024,2,Martes,T1D,STM,STM_ROL_01,OCC,Observación sintética tipo Observación de Condición Crítica,Acción sintética registrada.
OBS_000037,11/19/2024,2,Martes,T2N,PLC,TME_ROL_01,OCC,Observación sintética tipo Observación de Condición Crítica,Acción sintética registrada.
OBS_000038,11/20/2024,2,Miércoles,T1D,MRA,PLC_ROL_01,OPG,Observación sintética tipo Observación Preventiva de Gestión,Acción sintética registrada.
OBS_000039,11/20/2024,2,Miércoles,T2N,TME,MRA_ROL_02,OPG,Observación sintética tipo Observación Preventiva de Gestión,Acción sintética registrada.
OBS_000040,11/21/2024,2,Jueves,T2N,STM,CHP_ROL_01,OPG,Observación sintética tipo Observación Preventiva de Gestión,Acción sintética registrada.
OBS_000041,11/21/2024,2,Jueves,T2N,MRA,TME_ROL_01,OPG,Observación sintética tipo Observación Preventiva de Gestión,Acción sintética registrada.
OBS_000042,11/21/2024,2,Jueves,T1D,PLC,MRA_ROL_02,OCC,Observación sintética tipo Observación de Condición Crítica,Acción sintética registrada.
OBS_000043,11/22/2024,2,Viernes,T2N,PLC,PLC_ROL_02,OPG,Observación sintética tipo Observación Preventiva de Gestión,Acción sintética registrada.
OBS_000044,11/22/2024,2,Viernes,T1D,CHP,TME_ROL_02,OPG,Observación sintética tipo Observación Preventiva de Gestión,Acción sintética registrada.
OBS_000045,11/22/2024,2,Viernes,T1D,PLC,PLC_ROL_01,OCC,Observación sintética tipo Observación de Condición Crítica,Acción sintética registrada.
OBS_000046,11/23/2024,2,Sábado,T1D,PLC,TME_ROL_02,OPG,Observación sintética tipo Observación Preventiva de Gestión,Acción sintética registrada.
OBS_000047,11/23/2024,2,Sábado,T2N,MRA,MRA_ROL_02,OPG,Observación sintética tipo Observación Preventiva de Gestión,Acción sintética registrada.
OBS_000048,11/23/2024,2,Sábado,T2N,TME,CHP_ROL_02,OPG,Observación sintética tipo Observación Preventiva de Gestión,Acción sintética registrada.
OBS_000049,11/23/2024,2,Sábado,T1D,CHP,PLC_ROL_02,OCC,Observación sintética tipo Observación de Condición Crítica,Acción sintética registrada.
OBS_000050,11/23/2024,2,Sábado,T1D,MRA,STM_ROL_02,OCC,Observación sintética tipo Observación de Condición Crítica,Acción sintética registrada.
OBS_000051,11/24/2024,2,Domingo,T1D,PLC,CHP_ROL_01,OPG,Observación sintética tipo Observación Preventiva de Gestión,Acción sintética registrada.
OBS_000052,11/24/2024,2,Domingo,T1D,STM,PLC_ROL_01,OPG,Observación sintética tipo Observación Preventiva de Gestión,Acción sintética registrada.
OBS_000053,11/25/2024,3,Lunes,T1D,TME,PLC_ROL_01,OPG,Observación sintética tipo Observación Preventiva de Gestión,Acción sintética registrada.
OBS_000054,11/25/2024,3,Lunes,T2N,CHP,PLC_ROL_01,OPG,Observación sintética tipo Observación Preventiva de Gestión,Acción sintética registrada.
OBS_000055,11/25/2024,3,Lunes,T1D,TME,STM_ROL_01,OPG,Observación sintética tipo Observación Preventiva de Gestión,Acción sintética registrada.
OBS_000056,11/26/2024,3,Martes,T2N,STM,PLC_ROL_01,OPG,Observación sintética tipo Observación Preventiva de Gestión,Acción sintética registrada.
OBS_000057,11/26/2024,3,Martes,T2N,MRA,CHP_ROL_02,OPG,Observación sintética tipo Observación Preventiva de Gestión,Acción sintética registrada.
OBS_000058,11/26/2024,3,Martes,T1D,MRA,TME_ROL_02,OPG,Observación sintética tipo Observación Preventiva de Gestión,Acción sintética registrada.
OBS_000059,11/26/2024,3,Martes,T1D,PLC,PLC_ROL_01,OPG,Observación sintética tipo Observación Preventiva de Gestión,Acción sintética registrada.
OBS_000060,11/27/2024,3,Miércoles,T1D,PLC,CHP_ROL_02,OPG,Observación sintética tipo Observación Preventiva de Gestión,Acción sintética registrada.
OBS_000061,11/27/2024,3,Miércoles,T1D,MRA,MRA_ROL_01,OPG,Observación sintética tipo Observación Preventiva de Gestión,Acción sintética registrada.
OBS_000062,11/27/2024,3,Miércoles,T1D,MRA,MRA_ROL_01,OPG,Observación sintética tipo Observación Preventiva de Gestión,Acción sintética registrada.
OBS_000063,11/27/2024,3,Miércoles,T2N,MRA,PLC_ROL_01,OPG,Observación sintética tipo Observación Preventiva de Gestión,Acción sintética registrada.
OBS_000064,11/27/2024,3,Miércoles,T1D,TME,STM_ROL_02,OPG,Observación sintética tipo Observación Preventiva de Gestión,Acción sintética registrada.
OBS_000065,11/27/2024,3,Miércoles,T1D,PLC,CHP_ROL_01,OCC,Observación sintética tipo Observación de Condición Crítica,Acción sintética registrada.
OBS_000066,11/28/2024,3,Jueves,T2N,CHP,STM_ROL_02,OPG,Observación sintética tipo Observación Preventiva de Gestión,Acción sintética registrada.
OBS_000067,11/28/2024,3,Jueves,T2N,CHP,MRA_ROL_02,OCC,Observación sintética tipo Observación de Condición Crítica,Acción sintética registrada.
OBS_000068,11/29/2024,3,Viernes,T1D,STM,TME_ROL_02,OPG,Observación sintética tipo Observación Preventiva de Gestión,Acción sintética registrada.
OBS_000069,11/29/2024,3,Viernes,T2N,STM,STM_ROL_02,OPG,Observación sintética tipo Observación Preventiva de Gestión,Acción sintética registrada.
OBS_000070,11/29/2024,3,Viernes,T1D,MRA,MRA_ROL_01,OPG,Observación sintética tipo Observación Preventiva de Gestión,Acción sintética registrada.
OBS_000071,11/29/2024,3,Viernes,T2N,TME,MRA_ROL_02,OCC,Observación sintética tipo Observación de Condición Crítica,Acción sintética registrada.
OBS_000072,12/1/2024,3,Domingo,T1D,CHP,CHP_ROL_02,OPG,Observación sintética tipo Observación Preventiva de Gestión,Acción sintética registrada.
OBS_000073,12/1/2024,3,Domingo,T2N,CHP,STM_ROL_01,OPG,Observación sintética tipo Observación Preventiva de Gestión,Acción sintética registrada.
OBS_000074,12/1/2024,3,Domingo,T1D,TME,STM_ROL_02,OPG,Observación sintética tipo Observación Preventiva de Gestión,Acción sintética registrada.
OBS_000075,12/1/2024,3,Domingo,T1D,MRA,STM_ROL_02,OCC,Observación sintética tipo Observación de Condición Crítica,Acción sintética registrada.
OBS_000076,12/1/2024,3,Domingo,T1D,MRA,PLC_ROL_01,OCC,Observación sintética tipo Observación de Condición Crítica,Acción sintética registrada.
OBS_000077,12/2/2024,4,Lunes,T1D,MRA,CHP_ROL_02,OPG,Observación sintética tipo Observación Preventiva de Gestión,Acción sintética registrada.
OBS_000078,12/2/2024,4,Lunes,T1D,STM,STM_ROL_02,OPG,Observación sintética tipo Observación Preventiva de Gestión,Acción sintética registrada.
OBS_000079,12/2/2024,4,Lunes,T2N,CHP,STM_ROL_01,OPG,Observación sintética tipo Observación Preventiva de Gestión,Acción sintética registrada.
OBS_000080,12/2/2024,4,Lunes,T1D,CHP,STM_ROL_01,OPG,Observación sintética tipo Observación Preventiva de Gestión,Acción sintética registrada.
OBS_000081,12/3/2024,4,Martes,T1D,STM,TME_ROL_01,OPG,Observación sintética tipo Observación Preventiva de Gestión,Acción sintética registrada.
OBS_000082,12/3/2024,4,Martes,T2N,TME,STM_ROL_01,OCC,Observación sintética tipo Observación de Condición Crítica,Acción sintética registrada.
OBS_000083,12/3/2024,4,Martes,T2N,CHP,CHP_ROL_02,OCC,Observación sintética tipo Observación de Condición Crítica,Acción sintética registrada.
OBS_000084,12/4/2024,4,Miércoles,T2N,CHP,MRA_ROL_01,OPG,Observación sintética tipo Observación Preventiva de Gestión,Acción sintética registrada.
OBS_000085,12/4/2024,4,Miércoles,T1D,TME,MRA_ROL_01,OPG,Observación sintética tipo Observación Preventiva de Gestión,Acción sintética registrada.
OBS_000086,12/5/2024,4,Jueves,T1D,PLC,STM_ROL_02,OPG,Observación sintética tipo Observación Preventiva de Gestión,Acción sintética registrada.
OBS_000087,12/5/2024,4,Jueves,T1D,MRA,PLC_ROL_01,OPG,Observación sintética tipo Observación Preventiva de Gestión,Acción sintética registrada.
OBS_000088,12/5/2024,4,Jueves,T1D,CHP,MRA_ROL_02,OCC,Observación sintética tipo Observación de Condición Crítica,Acción sintética registrada.
OBS_000089,12/5/2024,4,Jueves,T1D,CHP,STM_ROL_01,OCC,Observación sintética tipo Observación de Condición Crítica,Acción sintética registrada.
OBS_000090,12/6/2024,4,Viernes,T1D,PLC,CHP_ROL_02,OPG,Observación sintética tipo Observación Preventiva de Gestión,Acción sintética registrada.
OBS_000091,12/6/2024,4,Viernes,T1D,PLC,MRA_ROL_02,OPG,Observación sintética tipo Observación Preventiva de Gestión,Acción sintética registrada.
OBS_000092,12/6/2024,4,Viernes,T2N,PLC,PLC_ROL_02,OPG,Observación sintética tipo Observación Preventiva de Gestión,Acción sintética registrada.
OBS_000093,12/7/2024,4,Sábado,T2N,TME,CHP_ROL_02,OPG,Observación sintética tipo Observación Preventiva de Gestión,Acción sintética registrada.
OBS_000094,12/7/2024,4,Sábado,T2N,CHP,TME_ROL_01,OCC,Observación sintética tipo Observación de Condición Crítica,Acción sintética registrada.
OBS_000095,12/7/2024,4,Sábado,T2N,CHP,TME_ROL_01,OCC,Observación sintética tipo Observación de Condición Crítica,Acción sintética registrada.
OBS_000096,12/8/2024,4,Domingo,T2N,TME,MRA_ROL_02,OPG,Observación sintética tipo Observación Preventiva de Gestión,Acción sintética registrada.
OBS_000097,12/8/2024,4,Domingo,T1D,STM,PLC_ROL_02,OPG,Observación sintética tipo Observación Preventiva de Gestión,Acción sintética registrada.
OBS_000098,12/9/2024,5,Lunes,T1D,MRA,PLC_ROL_01,OPG,Observación sintética tipo Observación Preventiva de Gestión,Acción sintética registrada.
OBS_000099,12/9/2024,5,Lunes,T1D,PLC,TME_ROL_01,OPG,Observación sintética tipo Observación Preventiva de Gestión,Acción sintética registrada.
OBS_000100,12/9/2024,5,Lunes,T1D,TME,MRA_ROL_02,OPG,Observación sintética tipo Observación Preventiva de Gestión,Acción sintética registrada.
OBS_000101,12/9/2024,5,Lunes,T1D,TME,TME_ROL_01,OPG,Observación sintética tipo Observación Preventiva de Gestión,Acción sintética registrada.
OBS_000102,12/9/2024,5,Lunes,T1D,STM,PLC_ROL_01,OPG,Observación sintética tipo Observación Preventiva de Gestión,Acción sintética registrada.
OBS_000103,12/9/2024,5,Lunes,T2N,PLC,PLC_ROL_01,OCC,Observación sintética tipo Observación de Condición Crítica,Acción sintética registrada.
OBS_000104,12/10/2024,5,Martes,T1D,PLC,TME_ROL_01,OPG,Observación sintética tipo Observación Preventiva de Gestión,Acción sintética registrada.
OBS_000105,12/10/2024,5,Martes,T1D,CHP,TME_ROL_01,OPG,Observación sintética tipo Observación Preventiva de Gestión,Acción sintética registrada.
OBS_000106,12/10/2024,5,Martes,T1D,MRA,PLC_ROL_01,OPG,Observación sintética tipo Observación Preventiva de Gestión,Acción sintética registrada.
OBS_000107,12/10/2024,5,Martes,T1D,TME,TME_ROL_01,OPG,Observación sintética tipo Observación Preventiva de Gestión,Acción sintética registrada.
OBS_000108,12/11/2024,5,Miércoles,T1D,TME,CHP_ROL_02,OPG,Observación sintética tipo Observación Preventiva de Gestión,Acción sintética registrada.
OBS_000109,12/11/2024,5,Miércoles,T2N,PLC,STM_ROL_02,OCC,Observación sintética tipo Observación de Condición Crítica,Acción sintética registrada.
OBS_000110,12/12/2024,5,Jueves,T2N,MRA,MRA_ROL_02,OPG,Observación sintética tipo Observación Preventiva de Gestión,Acción sintética registrada.
OBS_000111,12/13/2024,5,Viernes,T2N,TME,MRA_ROL_01,OPG,Observación sintética tipo Observación Preventiva de Gestión,Acción sintética registrada.
OBS_000112,12/13/2024,5,Viernes,T1D,TME,CHP_ROL_01,OPG,Observación sintética tipo Observación Preventiva de Gestión,Acción sintética registrada.
OBS_000113,12/13/2024,5,Viernes,T2N,CHP,STM_ROL_02,OPG,Observación sintética tipo Observación Preventiva de Gestión,Acción sintética registrada.
OBS_000114,12/13/2024,5,Viernes,T2N,PLC,MRA_ROL_01,OPG,Observación sintética tipo Observación Preventiva de Gestión,Acción sintética registrada.
OBS_000115,12/13/2024,5,Viernes,T1D,MRA,CHP_ROL_01,OPG,Observación sintética tipo Observación Preventiva de Gestión,Acción sintética registrada.
OBS_000116,12/14/2024,5,Sábado,T1D,TME,PLC_ROL_02,OPG,Observación sintética tipo Observación Preventiva de Gestión,Acción sintética registrada.
OBS_000117,12/14/2024,5,Sábado,T1D,STM,CHP_ROL_01,OPG,Observación sintética tipo Observación Preventiva de Gestión,Acción sintética registrada.
OBS_000118,12/14/2024,5,Sábado,T1D,TME,TME_ROL_02,OPG,Observación sintética tipo Observación Preventiva de Gestión,Acción sintética registrada.
OBS_000119,12/14/2024,5,Sábado,T1D,TME,CHP_ROL_02,OPG,Observación sintética tipo Observación Preventiva de Gestión,Acción sintética registrada.
OBS_000120,12/14/2024,5,Sábado,T1D,MRA,TME_ROL_02,OCC,Observación sintética tipo Observación de Condición Crítica,Acción sintética registrada.
OBS_000121,12/15/2024,5,Domingo,T2N,PLC,CHP_ROL_01,OPG,Observación sintética tipo Observación Preventiva de Gestión,Acción sintética registrada.
OBS_000122,12/15/2024,5,Domingo,T1D,CHP,CHP_ROL_01,OPG,Observación sintética tipo Observación Preventiva de Gestión,Acción sintética registrada.
OBS_000123,12/15/2024,5,Domingo,T2N,MRA,CHP_ROL_01,OCC,Observación sintética tipo Observación de Condición Crítica,Acción sintética registrada.
OBS_000124,12/15/2024,5,Domingo,T2N,STM,CHP_ROL_02,OCC,Observación sintética tipo Observación de Condición Crítica,Acción sintética registrada.
OBS_000125,12/15/2024,5,Domingo,T2N,CHP,MRA_ROL_02,OCC,Observación sintética tipo Observación de Condición Crítica,Acción sintética registrada.
OBS_000126,12/16/2024,6,Lunes,T2N,MRA,STM_ROL_02,OPG,Observación sintética tipo Observación Preventiva de Gestión,Acción sintética registrada.
OBS_000127,12/16/2024,6,Lunes,T1D,CHP,STM_ROL_02,OPG,Observación sintética tipo Observación Preventiva de Gestión,Acción sintética registrada.
OBS_000128,12/16/2024,6,Lunes,T2N,TME,CHP_ROL_02,OPG,Observación sintética tipo Observación Preventiva de Gestión,Acción sintética registrada.
OBS_000129,12/16/2024,6,Lunes,T1D,MRA,CHP_ROL_02,OPG,Observación sintética tipo Observación Preventiva de Gestión,Acción sintética registrada.
OBS_000130,12/16/2024,6,Lunes,T2N,TME,TME_ROL_01,OPG,Observación sintética tipo Observación Preventiva de Gestión,Acción sintética registrada.
OBS_000131,12/16/2024,6,Lunes,T1D,TME,TME_ROL_02,OPG,Observación sintética tipo Observación Preventiva de Gestión,Acción sintética registrada.
OBS_000132,12/17/2024,6,Martes,T2N,PLC,TME_ROL_02,OPG,Observación sintética tipo Observación Preventiva de Gestión,Acción sintética registrada.
OBS_000133,12/17/2024,6,Martes,T1D,MRA,TME_ROL_01,OPG,Observación sintética tipo Observación Preventiva de Gestión,Acción sintética registrada.
OBS_000134,12/18/2024,6,Miércoles,T1D,PLC,TME_ROL_01,OPG,Observación sintética tipo Observación Preventiva de Gestión,Acción sintética registrada.
OBS_000135,12/19/2024,6,Jueves,T1D,MRA,PLC_ROL_02,OPG,Observación sintética tipo Observación Preventiva de Gestión,Acción sintética registrada.
OBS_000136,12/19/2024,6,Jueves,T2N,TME,TME_ROL_02,OPG,Observación sintética tipo Observación Preventiva de Gestión,Acción sintética registrada.
OBS_000137,12/19/2024,6,Jueves,T2N,PLC,PLC_ROL_01,OPG,Observación sintética tipo Observación Preventiva de Gestión,Acción sintética registrada.
OBS_000138,12/19/2024,6,Jueves,T1D,STM,PLC_ROL_02,OPG,Observación sintética tipo Observación Preventiva de Gestión,Acción sintética registrada.
OBS_000139,12/19/2024,6,Jueves,T1D,TME,MRA_ROL_01,OPG,Observación sintética tipo Observación Preventiva de Gestión,Acción sintética registrada.
OBS_000140,12/20/2024,6,Viernes,T2N,MRA,PLC_ROL_01,OPG,Observación sintética tipo Observación Preventiva de Gestión,Acción sintética registrada.
OBS_000141,12/20/2024,6,Viernes,T1D,TME,STM_ROL_01,OPG,Observación sintética tipo Observación Preventiva de Gestión,Acción sintética registrada.
OBS_000142,12/20/2024,6,Viernes,T1D,TME,PLC_ROL_02,OPG,Observación sintética tipo Observación Preventiva de Gestión,Acción sintética registrada.
OBS_000143,12/20/2024,6,Viernes,T2N,MRA,TME_ROL_01,OPG,Observación sintética tipo Observación Preventiva de Gestión,Acción sintética registrada.
OBS_000144,12/20/2024,6,Viernes,T2N,STM,TME_ROL_02,OPG,Observación sintética tipo Observación Preventiva de Gestión,Acción sintética registrada.
OBS_000145,12/20/2024,6,Viernes,T2N,TME,PLC_ROL_01,OPG,Observación sintética tipo Observación Preventiva de Gestión,Acción sintética registrada.
OBS_000146,12/21/2024,6,Sábado,T1D,CHP,STM_ROL_01,OPG,Observación sintética tipo Observación Preventiva de Gestión,Acción sintética registrada.
OBS_000147,12/21/2024,6,Sábado,T2N,CHP,PLC_ROL_02,OPG,Observación sintética tipo Observación Preventiva de Gestión,Acción sintética registrada.
OBS_000148,12/21/2024,6,Sábado,T2N,STM,PLC_ROL_01,OPG,Observación sintética tipo Observación Preventiva de Gestión,Acción sintética registrada.
OBS_000149,12/21/2024,6,Sábado,T1D,TME,TME_ROL_01,OPG,Observación sintética tipo Observación Preventiva de Gestión,Acción sintética registrada.
OBS_000150,12/21/2024,6,Sábado,T1D,STM,PLC_ROL_02,OPG,Observación sintética tipo Observación Preventiva de Gestión,Acción sintética registrada.
OBS_000151,12/21/2024,6,Sábado,T2N,STM,STM_ROL_02,OPG,Observación sintética tipo Observación Preventiva de Gestión,Acción sintética registrada.
OBS_000152,12/21/2024,6,Sábado,T2N,CHP,PLC_ROL_01,OPG,Observación sintética tipo Observación Preventiva de Gestión,Acción sintética registrada.
OBS_000153,12/21/2024,6,Sábado,T2N,CHP,MRA_ROL_02,OPG,Observación sintética tipo Observación Preventiva de Gestión,Acción sintética registrada.
OBS_000154,12/22/2024,6,Domingo,T2N,PLC,PLC_ROL_02,OPG,Observación sintética tipo Observación Preventiva de Gestión,Acción sintética registrada.
OBS_000155,12/22/2024,6,Domingo,T2N,MRA,CHP_ROL_02,OPG,Observación sintética tipo Observación Preventiva de Gestión,Acción sintética registrada.
OBS_000156,12/22/2024,6,Domingo,T2N,CHP,CHP_ROL_02,OCC,Observación sintética tipo Observación de Condición Crítica,Acción sintética registrada.
OBS_000157,12/23/2024,7,Lunes,T1D,MRA,MRA_ROL_01,OPG,Observación sintética tipo Observación Preventiva de Gestión,Acción sintética registrada.
OBS_000158,12/23/2024,7,Lunes,T1D,STM,PLC_ROL_02,OPG,Observación sintética tipo Observación Preventiva de Gestión,Acción sintética registrada.
OBS_000159,12/23/2024,7,Lunes,T1D,STM,STM_ROL_01,OPG,Observación sintética tipo Observación Preventiva de Gestión,Acción sintética registrada.
OBS_000160,12/23/2024,7,Lunes,T1D,STM,STM_ROL_02,OPG,Observación sintética tipo Observación Preventiva de Gestión,Acción sintética registrada.
OBS_000161,12/23/2024,7,Lunes,T2N,CHP,CHP_ROL_01,OCC,Observación sintética tipo Observación de Condición Crítica,Acción sintética registrada.
OBS_000162,12/24/2024,7,Martes,T1D,MRA,STM_ROL_01,OPG,Observación sintética tipo Observación Preventiva de Gestión,Acción sintética registrada.
OBS_000163,12/24/2024,7,Martes,T1D,CHP,PLC_ROL_01,OPG,Observación sintética tipo Observación Preventiva de Gestión,Acción sintética registrada.
OBS_000164,12/24/2024,7,Martes,T2N,MRA,PLC_ROL_01,OPG,Observación sintética tipo Observación Preventiva de Gestión,Acción sintética registrada.
OBS_000165,12/24/2024,7,Martes,T1D,MRA,STM_ROL_02,OPG,Observación sintética tipo Observación Preventiva de Gestión,Acción sintética registrada.
OBS_000166,12/24/2024,7,Martes,T1D,STM,PLC_ROL_01,OPG,Observación sintética tipo Observación Preventiva de Gestión,Acción sintética registrada.
OBS_000167,12/24/2024,7,Martes,T2N,STM,PLC_ROL_02,OPG,Observación sintética tipo Observación Preventiva de Gestión,Acción sintética registrada.
OBS_000168,12/24/2024,7,Martes,T2N,PLC,STM_ROL_02,OPG,Observación sintética tipo Observación Preventiva de Gestión,Acción sintética registrada.
OBS_000169,12/25/2024,7,Miércoles,T1D,STM,STM_ROL_02,OPG,Observación sintética tipo Observación Preventiva de Gestión,Acción sintética registrada.
OBS_000170,12/25/2024,7,Miércoles,T2N,CHP,TME_ROL_01,OPG,Observación sintética tipo Observación Preventiva de Gestión,Acción sintética registrada.
OBS_000171,12/25/2024,7,Miércoles,T2N,CHP,TME_ROL_01,OPG,Observación sintética tipo Observación Preventiva de Gestión,Acción sintética registrada.
OBS_000172,12/25/2024,7,Miércoles,T2N,MRA,TME_ROL_01,OPG,Observación sintética tipo Observación Preventiva de Gestión,Acción sintética registrada.
OBS_000173,12/25/2024,7,Miércoles,T1D,TME,TME_ROL_02,OPG,Observación sintética tipo Observación Preventiva de Gestión,Acción sintética registrada.
OBS_000174,12/25/2024,7,Miércoles,T2N,PLC,MRA_ROL_02,OPG,Observación sintética tipo Observación Preventiva de Gestión,Acción sintética registrada.
OBS_000175,12/26/2024,7,Jueves,T1D,CHP,CHP_ROL_02,OPG,Observación sintética tipo Observación Preventiva de Gestión,Acción sintética registrada.
OBS_000176,12/26/2024,7,Jueves,T2N,CHP,CHP_ROL_02,OPG,Observación sintética tipo Observación Preventiva de Gestión,Acción sintética registrada.
OBS_000177,12/26/2024,7,Jueves,T1D,STM,STM_ROL_01,OPG,Observación sintética tipo Observación Preventiva de Gestión,Acción sintética registrada.
OBS_000178,12/26/2024,7,Jueves,T2N,PLC,STM_ROL_02,OPG,Observación sintética tipo Observación Preventiva de Gestión,Acción sintética registrada.
OBS_000179,12/26/2024,7,Jueves,T2N,MRA,CHP_ROL_02,OPG,Observación sintética tipo Observación Preventiva de Gestión,Acción sintética registrada.
OBS_000180,12/26/2024,7,Jueves,T2N,STM,PLC_ROL_02,OPG,Observación sintética tipo Observación Preventiva de Gestión,Acción sintética registrada.
OBS_000181,12/26/2024,7,Jueves,T1D,PLC,STM_ROL_01,OPG,Observación sintética tipo Observación Preventiva de Gestión,Acción sintética registrada.
OBS_000182,12/26/2024,7,Jueves,T2N,MRA,TME_ROL_02,OPG,Observación sintética tipo Observación Preventiva de Gestión,Acción sintética registrada.
OBS_000183,12/26/2024,7,Jueves,T2N,STM,STM_ROL_01,OPG,Observación sintética tipo Observación Preventiva de Gestión,Acción sintética registrada.
OBS_000184,12/26/2024,7,Jueves,T1D,STM,CHP_ROL_02,OPG,Observación sintética tipo Observación Preventiva de Gestión,Acción sintética registrada.
OBS_000185,12/27/2024,7,Viernes,T2N,STM,STM_ROL_02,OPG,Observación sintética tipo Observación Preventiva de Gestión,Acción sintética registrada.
OBS_000186,12/27/2024,7,Viernes,T1D,STM,TME_ROL_02,OPG,Observación sintética tipo Observación Preventiva de Gestión,Acción sintética registrada.
OBS_000187,12/27/2024,7,Viernes,T2N,CHP,STM_ROL_02,OPG,Observación sintética tipo Observación Preventiva de Gestión,Acción sintética registrada.
OBS_000188,12/27/2024,7,Viernes,T1D,PLC,PLC_ROL_01,OPG,Observación sintética tipo Observación Preventiva de Gestión,Acción sintética registrada.
OBS_000189,12/27/2024,7,Viernes,T1D,STM,PLC_ROL_02,OPG,Observación sintética tipo Observación Preventiva de Gestión,Acción sintética registrada.
OBS_000190,12/27/2024,7,Viernes,T1D,MRA,STM_ROL_01,OPG,Observación sintética tipo Observación Preventiva de Gestión,Acción sintética registrada.
OBS_000191,12/27/2024,7,Viernes,T1D,STM,CHP_ROL_01,OPG,Observación sintética tipo Observación Preventiva de Gestión,Acción sintética registrada.
OBS_000192,12/28/2024,7,Sábado,T1D,TME,STM_ROL_01,OPG,Observación sintética tipo Observación Preventiva de Gestión,Acción sintética registrada.
OBS_000193,12/28/2024,7,Sábado,T2N,CHP,STM_ROL_02,OPG,Observación sintética tipo Observación Preventiva de Gestión,Acción sintética registrada.
OBS_000194,12/29/2024,7,Domingo,T2N,TME,STM_ROL_01,OPG,Observación sintética tipo Observación Preventiva de Gestión,Acción sintética registrada.
OBS_000195,12/29/2024,7,Domingo,T2N,STM,TME_ROL_01,OPG,Observación sintética tipo Observación Preventiva de Gestión,Acción sintética registrada.
OBS_000196,12/29/2024,7,Domingo,T1D,STM,MRA_ROL_01,OCC,Observación sintética tipo Observación de Condición Crítica,Acción sintética registrada.
OBS_000197,12/30/2024,8,Lunes,T1D,TME,CHP_ROL_02,OPG,Observación sintética tipo Observación Preventiva de Gestión,Acción sintética registrada.
OBS_000198,12/30/2024,8,Lunes,T1D,MRA,MRA_ROL_01,OPG,Observación sintética tipo Observación Preventiva de Gestión,Acción sintética registrada.
OBS_000199,12/30/2024,8,Lunes,T1D,CHP,MRA_ROL_01,OPG,Observación sintética tipo Observación Preventiva de Gestión,Acción sintética registrada.
OBS_000200,12/30/2024,8,Lunes,T1D,CHP,CHP_ROL_01,OCC,Observación sintética tipo Observación de Condición Crítica,Acción sintética registrada.
OBS_000201,12/31/2024,8,Martes,T2N,MRA,PLC_ROL_02,OPG,Observación sintética tipo Observación Preventiva de Gestión,Acción sintética registrada.
OBS_000202,12/31/2024,8,Martes,T1D,STM,TME_ROL_01,OPG,Observación sintética tipo Observación Preventiva de Gestión,Acción sintética registrada.
OBS_000203,12/31/2024,8,Martes,T2N,CHP,PLC_ROL_02,OCC,Observación sintética tipo Observación de Condición Crítica,Acción sintética registrada.
OBS_000204,1/1/2025,8,Miércoles,T1D,CHP,TME_ROL_01,OPG,Observación sintética tipo Observación Preventiva de Gestión,Acción sintética registrada.
OBS_000205,1/1/2025,8,Miércoles,T1D,PLC,MRA_ROL_01,OPG,Observación sintética tipo Observación Preventiva de Gestión,Acción sintética registrada.
OBS_000206,1/1/2025,8,Miércoles,T2N,PLC,STM_ROL_01,OPG,Observación sintética tipo Observación Preventiva de Gestión,Acción sintética registrada.
OBS_000207,1/1/2025,8,Miércoles,T2N,CHP,MRA_ROL_02,OPG,Observación sintética tipo Observación Preventiva de Gestión,Acción sintética registrada.
OBS_000208,1/1/2025,8,Miércoles,T1D,MRA,TME_ROL_01,OPG,Observación sintética tipo Observación Preventiva de Gestión,Acción sintética registrada.
OBS_000209,1/2/2025,8,Jueves,T1D,PLC,MRA_ROL_01,OPG,Observación sintética tipo Observación Preventiva de Gestión,Acción sintética registrada.
OBS_000210,1/2/2025,8,Jueves,T2N,PLC,STM_ROL_01,OPG,Observación sintética tipo Observación Preventiva de Gestión,Acción sintética registrada.
OBS_000211,1/2/2025,8,Jueves,T2N,MRA,PLC_ROL_01,OPG,Observación sintética tipo Observación Preventiva de Gestión,Acción sintética registrada.
OBS_000212,1/3/2025,8,Viernes,T2N,MRA,STM_ROL_01,OPG,Observación sintética tipo Observación Preventiva de Gestión,Acción sintética registrada.
OBS_000213,1/3/2025,8,Viernes,T2N,MRA,STM_ROL_01,OPG,Observación sintética tipo Observación Preventiva de Gestión,Acción sintética registrada.
OBS_000214,1/4/2025,8,Sábado,T2N,STM,CHP_ROL_01,OPG,Observación sintética tipo Observación Preventiva de Gestión,Acción sintética registrada.
OBS_000215,1/4/2025,8,Sábado,T2N,CHP,PLC_ROL_01,OPG,Observación sintética tipo Observación Preventiva de Gestión,Acción sintética registrada.
OBS_000216,1/4/2025,8,Sábado,T2N,PLC,PLC_ROL_01,OPG,Observación sintética tipo Observación Preventiva de Gestión,Acción sintética registrada.
OBS_000217,1/4/2025,8,Sábado,T2N,STM,STM_ROL_01,OPG,Observación sintética tipo Observación Preventiva de Gestión,Acción sintética registrada.
OBS_000218,1/4/2025,8,Sábado,T2N,TME,CHP_ROL_02,OPG,Observación sintética tipo Observación Preventiva de Gestión,Acción sintética registrada.
OBS_000219,1/4/2025,8,Sábado,T1D,TME,STM_ROL_02,OPG,Observación sintética tipo Observación Preventiva de Gestión,Acción sintética registrada.
OBS_000220,1/4/2025,8,Sábado,T1D,STM,PLC_ROL_02,OPG,Observación sintética tipo Observación Preventiva de Gestión,Acción sintética registrada.
OBS_000221,1/5/2025,8,Domingo,T2N,TME,MRA_ROL_01,OPG,Observación sintética tipo Observación Preventiva de Gestión,Acción sintética registrada.
OBS_000222,1/5/2025,8,Domingo,T2N,TME,CHP_ROL_01,OPG,Observación sintética tipo Observación Preventiva de Gestión,Acción sintética registrada.
OBS_000223,1/6/2025,9,Lunes,T2N,CHP,TME_ROL_02,OPG,Observación sintética tipo Observación Preventiva de Gestión,Acción sintética registrada.
OBS_000224,1/6/2025,9,Lunes,T2N,TME,TME_ROL_01,OCC,Observación sintética tipo Observación de Condición Crítica,Acción sintética registrada.
OBS_000225,1/6/2025,9,Lunes,T2N,PLC,MRA_ROL_01,OCC,Observación sintética tipo Observación de Condición Crítica,Acción sintética registrada.
OBS_000226,1/7/2025,9,Martes,T1D,MRA,CHP_ROL_02,OPG,Observación sintética tipo Observación Preventiva de Gestión,Acción sintética registrada.
OBS_000227,1/7/2025,9,Martes,T2N,STM,PLC_ROL_01,OPG,Observación sintética tipo Observación Preventiva de Gestión,Acción sintética registrada.
OBS_000228,1/8/2025,9,Miércoles,T1D,STM,STM_ROL_02,OPG,Observación sintética tipo Observación Preventiva de Gestión,Acción sintética registrada.
OBS_000229,1/8/2025,9,Miércoles,T2N,MRA,MRA_ROL_02,OPG,Observación sintética tipo Observación Preventiva de Gestión,Acción sintética registrada.
OBS_000230,1/8/2025,9,Miércoles,T2N,CHP,STM_ROL_01,OPG,Observación sintética tipo Observación Preventiva de Gestión,Acción sintética registrada.
OBS_000231,1/8/2025,9,Miércoles,T1D,TME,PLC_ROL_02,OPG,Observación sintética tipo Observación Preventiva de Gestión,Acción sintética registrada.
OBS_000232,1/9/2025,9,Jueves,T2N,STM,PLC_ROL_01,OPG,Observación sintética tipo Observación Preventiva de Gestión,Acción sintética registrada.
OBS_000233,1/9/2025,9,Jueves,T2N,STM,PLC_ROL_01,OPG,Observación sintética tipo Observación Preventiva de Gestión,Acción sintética registrada.
OBS_000234,1/9/2025,9,Jueves,T2N,TME,STM_ROL_02,OPG,Observación sintética tipo Observación Preventiva de Gestión,Acción sintética registrada.
OBS_000235,1/9/2025,9,Jueves,T2N,TME,TME_ROL_01,OPG,Observación sintética tipo Observación Preventiva de Gestión,Acción sintética registrada.
OBS_000236,1/9/2025,9,Jueves,T1D,MRA,CHP_ROL_02,OPG,Observación sintética tipo Observación Preventiva de Gestión,Acción sintética registrada.
OBS_000237,1/9/2025,9,Jueves,T2N,MRA,PLC_ROL_01,OCC,Observación sintética tipo Observación de Condición Crítica,Acción sintética registrada.
OBS_000238,1/10/2025,9,Viernes,T1D,CHP,CHP_ROL_02,OPG,Observación sintética tipo Observación Preventiva de Gestión,Acción sintética registrada.
OBS_000239,1/10/2025,9,Viernes,T2N,TME,PLC_ROL_02,OPG,Observación sintética tipo Observación Preventiva de Gestión,Acción sintética registrada.
OBS_000240,1/10/2025,9,Viernes,T2N,MRA,CHP_ROL_02,OPG,Observación sintética tipo Observación Preventiva de Gestión,Acción sintética registrada.
OBS_000241,1/10/2025,9,Viernes,T2N,CHP,TME_ROL_02,OPG,Observación sintética tipo Observación Preventiva de Gestión,Acción sintética registrada.
OBS_000242,1/10/2025,9,Viernes,T1D,TME,MRA_ROL_01,OPG,Observación sintética tipo Observación Preventiva de Gestión,Acción sintética registrada.
OBS_000243,1/10/2025,9,Viernes,T1D,TME,MRA_ROL_01,OPG,Observación sintética tipo Observación Preventiva de Gestión,Acción sintética registrada.
OBS_000244,1/10/2025,9,Viernes,T1D,PLC,TME_ROL_01,OCC,Observación sintética tipo Observación de Condición Crítica,Acción sintética registrada.
OBS_000245,1/11/2025,9,Sábado,T1D,STM,MRA_ROL_02,OPG,Observación sintética tipo Observación Preventiva de Gestión,Acción sintética registrada.
OBS_000246,1/11/2025,9,Sábado,T1D,PLC,TME_ROL_01,OPG,Observación sintética tipo Observación Preventiva de Gestión,Acción sintética registrada.
OBS_000247,1/11/2025,9,Sábado,T2N,STM,STM_ROL_02,OPG,Observación sintética tipo Observación Preventiva de Gestión,Acción sintética registrada.
OBS_000248,1/13/2025,10,Lunes,T2N,CHP,MRA_ROL_01,OPG,Observación sintética tipo Observación Preventiva de Gestión,Acción sintética registrada.
OBS_000249,1/13/2025,10,Lunes,T2N,STM,MRA_ROL_02,OPG,Observación sintética tipo Observación Preventiva de Gestión,Acción sintética registrada.
OBS_000250,1/13/2025,10,Lunes,T1D,STM,STM_ROL_02,OPG,Observación sintética tipo Observación Preventiva de Gestión,Acción sintética registrada.
OBS_000251,1/13/2025,10,Lunes,T1D,PLC,MRA_ROL_01,OPG,Observación sintética tipo Observación Preventiva de Gestión,Acción sintética registrada.
OBS_000252,1/13/2025,10,Lunes,T1D,CHP,PLC_ROL_02,OCC,Observación sintética tipo Observación de Condición Crítica,Acción sintética registrada.
OBS_000253,1/14/2025,10,Martes,T2N,MRA,CHP_ROL_02,OPG,Observación sintética tipo Observación Preventiva de Gestión,Acción sintética registrada.
OBS_000254,1/14/2025,10,Martes,T1D,PLC,STM_ROL_01,OPG,Observación sintética tipo Observación Preventiva de Gestión,Acción sintética registrada.
OBS_000255,1/14/2025,10,Martes,T1D,PLC,STM_ROL_01,OPG,Observación sintética tipo Observación Preventiva de Gestión,Acción sintética registrada.
OBS_000256,1/14/2025,10,Martes,T2N,STM,TME_ROL_01,OPG,Observación sintética tipo Observación Preventiva de Gestión,Acción sintética registrada.
OBS_000257,1/14/2025,10,Martes,T2N,TME,PLC_ROL_02,OPG,Observación sintética tipo Observación Preventiva de Gestión,Acción sintética registrada.
OBS_000258,1/14/2025,10,Martes,T1D,PLC,MRA_ROL_02,OPG,Observación sintética tipo Observación Preventiva de Gestión,Acción sintética registrada.
OBS_000259,1/15/2025,10,Miércoles,T1D,CHP,TME_ROL_01,OPG,Observación sintética tipo Observación Preventiva de Gestión,Acción sintética registrada.
OBS_000260,1/15/2025,10,Miércoles,T1D,CHP,CHP_ROL_02,OPG,Observación sintética tipo Observación Preventiva de Gestión,Acción sintética registrada.
OBS_000261,1/15/2025,10,Miércoles,T1D,PLC,MRA_ROL_02,OPG,Observación sintética tipo Observación Preventiva de Gestión,Acción sintética registrada.
OBS_000262,1/15/2025,10,Miércoles,T1D,MRA,STM_ROL_01,OPG,Observación sintética tipo Observación Preventiva de Gestión,Acción sintética registrada.
OBS_000263,1/15/2025,10,Miércoles,T2N,PLC,STM_ROL_02,OPG,Observación sintética tipo Observación Preventiva de Gestión,Acción sintética registrada.
OBS_000264,1/15/2025,10,Miércoles,T2N,MRA,CHP_ROL_02,OPG,Observación sintética tipo Observación Preventiva de Gestión,Acción sintética registrada.
OBS_000265,1/15/2025,10,Miércoles,T2N,TME,STM_ROL_02,OPG,Observación sintética tipo Observación Preventiva de Gestión,Acción sintética registrada.
OBS_000266,1/15/2025,10,Miércoles,T1D,CHP,TME_ROL_01,OPG,Observación sintética tipo Observación Preventiva de Gestión,Acción sintética registrada.
OBS_000267,1/15/2025,10,Miércoles,T1D,STM,MRA_ROL_02,OPG,Observación sintética tipo Observación Preventiva de Gestión,Acción sintética registrada.
OBS_000268,1/15/2025,10,Miércoles,T1D,CHP,TME_ROL_01,OCC,Observación sintética tipo Observación de Condición Crítica,Acción sintética registrada.
OBS_000269,1/16/2025,10,Jueves,T1D,MRA,MRA_ROL_01,OPG,Observación sintética tipo Observación Preventiva de Gestión,Acción sintética registrada.
OBS_000270,1/16/2025,10,Jueves,T1D,TME,PLC_ROL_02,OPG,Observación sintética tipo Observación Preventiva de Gestión,Acción sintética registrada.
OBS_000271,1/16/2025,10,Jueves,T2N,STM,MRA_ROL_02,OPG,Observación sintética tipo Observación Preventiva de Gestión,Acción sintética registrada.
OBS_000272,1/16/2025,10,Jueves,T2N,TME,STM_ROL_01,OPG,Observación sintética tipo Observación Preventiva de Gestión,Acción sintética registrada.
OBS_000273,1/16/2025,10,Jueves,T2N,PLC,PLC_ROL_01,OPG,Observación sintética tipo Observación Preventiva de Gestión,Acción sintética registrada.
OBS_000274,1/16/2025,10,Jueves,T2N,STM,MRA_ROL_02,OPG,Observación sintética tipo Observación Preventiva de Gestión,Acción sintética registrada.
OBS_000275,1/17/2025,10,Viernes,T1D,STM,TME_ROL_02,OPG,Observación sintética tipo Observación Preventiva de Gestión,Acción sintética registrada.
OBS_000276,1/17/2025,10,Viernes,T2N,MRA,MRA_ROL_02,OPG,Observación sintética tipo Observación Preventiva de Gestión,Acción sintética registrada.
OBS_000277,1/17/2025,10,Viernes,T1D,PLC,PLC_ROL_02,OPG,Observación sintética tipo Observación Preventiva de Gestión,Acción sintética registrada.
OBS_000278,1/17/2025,10,Viernes,T1D,TME,PLC_ROL_02,OPG,Observación sintética tipo Observación Preventiva de Gestión,Acción sintética registrada.
OBS_000279,1/17/2025,10,Viernes,T1D,CHP,STM_ROL_02,OPG,Observación sintética tipo Observación Preventiva de Gestión,Acción sintética registrada.
OBS_000280,1/17/2025,10,Viernes,T2N,TME,CHP_ROL_01,OPG,Observación sintética tipo Observación Preventiva de Gestión,Acción sintética registrada.
OBS_000281,1/18/2025,10,Sábado,T2N,STM,MRA_ROL_02,OPG,Observación sintética tipo Observación Preventiva de Gestión,Acción sintética registrada.
OBS_000282,1/18/2025,10,Sábado,T2N,TME,STM_ROL_01,OPG,Observación sintética tipo Observación Preventiva de Gestión,Acción sintética registrada.
OBS_000283,1/18/2025,10,Sábado,T2N,TME,MRA_ROL_02,OPG,Observación sintética tipo Observación Preventiva de Gestión,Acción sintética registrada.
OBS_000284,1/18/2025,10,Sábado,T1D,TME,STM_ROL_01,OPG,Observación sintética tipo Observación Preventiva de Gestión,Acción sintética registrada.
OBS_000285,1/18/2025,10,Sábado,T2N,TME,STM_ROL_01,OPG,Observación sintética tipo Observación Preventiva de Gestión,Acción sintética registrada.
OBS_000286,1/18/2025,10,Sábado,T1D,STM,MRA_ROL_02,OPG,Observación sintética tipo Observación Preventiva de Gestión,Acción sintética registrada.
OBS_000287,1/19/2025,10,Domingo,T2N,TME,TME_ROL_02,OPG,Observación sintética tipo Observación Preventiva de Gestión,Acción sintética registrada.
OBS_000288,1/19/2025,10,Domingo,T1D,STM,PLC_ROL_01,OPG,Observación sintética tipo Observación Preventiva de Gestión,Acción sintética registrada.
OBS_000289,1/19/2025,10,Domingo,T1D,PLC,STM_ROL_02,OPG,Observación sintética tipo Observación Preventiva de Gestión,Acción sintética registrada.
OBS_000290,1/19/2025,10,Domingo,T2N,MRA,CHP_ROL_02,OPG,Observación sintética tipo Observación Preventiva de Gestión,Acción sintética registrada.
OBS_000291,1/20/2025,11,Lunes,T2N,PLC,STM_ROL_02,OPG,Observación sintética tipo Observación Preventiva de Gestión,Acción sintética registrada.
OBS_000292,1/20/2025,11,Lunes,T2N,MRA,CHP_ROL_02,OPG,Observación sintética tipo Observación Preventiva de Gestión,Acción sintética registrada.
OBS_000293,1/20/2025,11,Lunes,T2N,PLC,CHP_ROL_01,OPG,Observación sintética tipo Observación Preventiva de Gestión,Acción sintética registrada.
OBS_000294,1/21/2025,11,Martes,T2N,STM,STM_ROL_02,OPG,Observación sintética tipo Observación Preventiva de Gestión,Acción sintética registrada.
OBS_000295,1/21/2025,11,Martes,T1D,MRA,PLC_ROL_02,OPG,Observación sintética tipo Observación Preventiva de Gestión,Acción sintética registrada.
OBS_000296,1/21/2025,11,Martes,T1D,CHP,TME_ROL_01,OPG,Observación sintética tipo Observación Preventiva de Gestión,Acción sintética registrada.
OBS_000297,1/21/2025,11,Martes,T1D,PLC,STM_ROL_01,OPG,Observación sintética tipo Observación Preventiva de Gestión,Acción sintética registrada.
OBS_000298,1/22/2025,11,Miércoles,T1D,CHP,MRA_ROL_02,OPG,Observación sintética tipo Observación Preventiva de Gestión,Acción sintética registrada.
OBS_000299,1/22/2025,11,Miércoles,T2N,MRA,CHP_ROL_01,OPG,Observación sintética tipo Observación Preventiva de Gestión,Acción sintética registrada.
OBS_000300,1/22/2025,11,Miércoles,T2N,TME,PLC_ROL_01,OPG,Observación sintética tipo Observación Preventiva de Gestión,Acción sintética registrada.
OBS_000301,1/22/2025,11,Miércoles,T2N,STM,STM_ROL_02,OPG,Observación sintética tipo Observación Preventiva de Gestión,Acción sintética registrada.
OBS_000302,1/22/2025,11,Miércoles,T2N,CHP,STM_ROL_02,OPG,Observación sintética tipo Observación Preventiva de Gestión,Acción sintética registrada.
OBS_000303,1/22/2025,11,Miércoles,T1D,STM,CHP_ROL_02,OPG,Observación sintética tipo Observación Preventiva de Gestión,Acción sintética registrada.
OBS_000304,1/22/2025,11,Miércoles,T1D,MRA,TME_ROL_01,OPG,Observación sintética tipo Observación Preventiva de Gestión,Acción sintética registrada.
OBS_000305,1/22/2025,11,Miércoles,T2N,TME,PLC_ROL_01,OPG,Observación sintética tipo Observación Preventiva de Gestión,Acción sintética registrada.
OBS_000306,1/22/2025,11,Miércoles,T2N,MRA,TME_ROL_01,OCC,Observación sintética tipo Observación de Condición Crítica,Acción sintética registrada.
OBS_000307,1/23/2025,11,Jueves,T2N,PLC,PLC_ROL_02,OPG,Observación sintética tipo Observación Preventiva de Gestión,Acción sintética registrada.
OBS_000308,1/23/2025,11,Jueves,T2N,CHP,STM_ROL_02,OPG,Observación sintética tipo Observación Preventiva de Gestión,Acción sintética registrada.
OBS_000309,1/23/2025,11,Jueves,T2N,TME,TME_ROL_02,OPG,Observación sintética tipo Observación Preventiva de Gestión,Acción sintética registrada.
OBS_000310,1/23/2025,11,Jueves,T2N,STM,TME_ROL_02,OPG,Observación sintética tipo Observación Preventiva de Gestión,Acción sintética registrada.
OBS_000311,1/24/2025,11,Viernes,T1D,CHP,PLC_ROL_02,OPG,Observación sintética tipo Observación Preventiva de Gestión,Acción sintética registrada.
OBS_000312,1/25/2025,11,Sábado,T2N,CHP,STM_ROL_01,OPG,Observación sintética tipo Observación Preventiva de Gestión,Acción sintética registrada.
OBS_000313,1/25/2025,11,Sábado,T1D,TME,STM_ROL_02,OPG,Observación sintética tipo Observación Preventiva de Gestión,Acción sintética registrada.
OBS_000314,1/25/2025,11,Sábado,T2N,STM,CHP_ROL_01,OPG,Observación sintética tipo Observación Preventiva de Gestión,Acción sintética registrada.
OBS_000315,1/25/2025,11,Sábado,T2N,MRA,CHP_ROL_01,OPG,Observación sintética tipo Observación Preventiva de Gestión,Acción sintética registrada.
OBS_000316,1/25/2025,11,Sábado,T2N,MRA,STM_ROL_02,OPG,Observación sintética tipo Observación Preventiva de Gestión,Acción sintética registrada.
OBS_000317,1/25/2025,11,Sábado,T1D,PLC,STM_ROL_02,OPG,Observación sintética tipo Observación Preventiva de Gestión,Acción sintética registrada.
OBS_000318,1/25/2025,11,Sábado,T1D,CHP,STM_ROL_01,OPG,Observación sintética tipo Observación Preventiva de Gestión,Acción sintética registrada.
OBS_000319,1/25/2025,11,Sábado,T1D,MRA,STM_ROL_02,OCC,Observación sintética tipo Observación de Condición Crítica,Acción sintética registrada.
OBS_000320,1/26/2025,11,Domingo,T2N,TME,PLC_ROL_02,OPG,Observación sintética tipo Observación Preventiva de Gestión,Acción sintética registrada.
OBS_000321,1/26/2025,11,Domingo,T2N,MRA,TME_ROL_02,OPG,Observación sintética tipo Observación Preventiva de Gestión,Acción sintética registrada.
OBS_000322,1/26/2025,11,Domingo,T2N,TME,STM_ROL_02,OPG,Observación sintética tipo Observación Preventiva de Gestión,Acción sintética registrada.
OBS_000323,1/26/2025,11,Domingo,T1D,PLC,MRA_ROL_02,OPG,Observación sintética tipo Observación Preventiva de Gestión,Acción sintética registrada.
OBS_000324,1/26/2025,11,Domingo,T1D,TME,CHP_ROL_02,OPG,Observación sintética tipo Observación Preventiva de Gestión,Acción sintética registrada.
OBS_000325,1/27/2025,12,Lunes,T1D,STM,MRA_ROL_02,OPG,Observación sintética tipo Observación Preventiva de Gestión,Acción sintética registrada.
OBS_000326,1/27/2025,12,Lunes,T1D,STM,CHP_ROL_01,OPG,Observación sintética tipo Observación Preventiva de Gestión,Acción sintética registrada.
OBS_000327,1/27/2025,12,Lunes,T2N,MRA,MRA_ROL_01,OPG,Observación sintética tipo Observación Preventiva de Gestión,Acción sintética registrada.
OBS_000328,1/27/2025,12,Lunes,T2N,MRA,TME_ROL_01,OPG,Observación sintética tipo Observación Preventiva de Gestión,Acción sintética registrada.
OBS_000329,1/27/2025,12,Lunes,T2N,TME,STM_ROL_01,OPG,Observación sintética tipo Observación Preventiva de Gestión,Acción sintética registrada.
OBS_000330,1/27/2025,12,Lunes,T1D,CHP,PLC_ROL_01,OPG,Observación sintética tipo Observación Preventiva de Gestión,Acción sintética registrada.
OBS_000331,1/27/2025,12,Lunes,T2N,PLC,CHP_ROL_01,OPG,Observación sintética tipo Observación Preventiva de Gestión,Acción sintética registrada.
OBS_000332,1/27/2025,12,Lunes,T1D,CHP,MRA_ROL_02,OPG,Observación sintética tipo Observación Preventiva de Gestión,Acción sintética registrada.
OBS_000333,1/28/2025,12,Martes,T2N,PLC,CHP_ROL_02,OPG,Observación sintética tipo Observación Preventiva de Gestión,Acción sintética registrada.
OBS_000334,1/28/2025,12,Martes,T2N,PLC,CHP_ROL_01,OPG,Observación sintética tipo Observación Preventiva de Gestión,Acción sintética registrada.
OBS_000335,1/28/2025,12,Martes,T1D,STM,TME_ROL_01,OPG,Observación sintética tipo Observación Preventiva de Gestión,Acción sintética registrada.
OBS_000336,1/28/2025,12,Martes,T2N,TME,MRA_ROL_01,OPG,Observación sintética tipo Observación Preventiva de Gestión,Acción sintética registrada.
OBS_000337,1/28/2025,12,Martes,T2N,TME,PLC_ROL_01,OPG,Observación sintética tipo Observación Preventiva de Gestión,Acción sintética registrada.
OBS_000338,1/29/2025,12,Miércoles,T1D,MRA,STM_ROL_02,OPG,Observación sintética tipo Observación Preventiva de Gestión,Acción sintética registrada.
OBS_000339,1/29/2025,12,Miércoles,T2N,PLC,TME_ROL_01,OPG,Observación sintética tipo Observación Preventiva de Gestión,Acción sintética registrada.
OBS_000340,1/29/2025,12,Miércoles,T2N,TME,STM_ROL_02,OCC,Observación sintética tipo Observación de Condición Crítica,Acción sintética registrada.
OBS_000341,1/29/2025,12,Miércoles,T2N,CHP,STM_ROL_01,OCC,Observación sintética tipo Observación de Condición Crítica,Acción sintética registrada.
OBS_000342,1/29/2025,12,Miércoles,T2N,MRA,CHP_ROL_02,OCC,Observación sintética tipo Observación de Condición Crítica,Acción sintética registrada.
OBS_000343,1/30/2025,12,Jueves,T2N,PLC,TME_ROL_02,OPG,Observación sintética tipo Observación Preventiva de Gestión,Acción sintética registrada.
OBS_000344,1/30/2025,12,Jueves,T2N,TME,MRA_ROL_01,OPG,Observación sintética tipo Observación Preventiva de Gestión,Acción sintética registrada.
OBS_000345,1/30/2025,12,Jueves,T2N,TME,MRA_ROL_01,OPG,Observación sintética tipo Observación Preventiva de Gestión,Acción sintética registrada.
OBS_000346,1/30/2025,12,Jueves,T1D,PLC,STM_ROL_02,OPG,Observación sintética tipo Observación Preventiva de Gestión,Acción sintética registrada.
OBS_000347,1/30/2025,12,Jueves,T2N,CHP,PLC_ROL_02,OPG,Observación sintética tipo Observación Preventiva de Gestión,Acción sintética registrada.
OBS_000348,1/30/2025,12,Jueves,T2N,CHP,CHP_ROL_02,OPG,Observación sintética tipo Observación Preventiva de Gestión,Acción sintética registrada.
OBS_000349,1/30/2025,12,Jueves,T2N,CHP,MRA_ROL_02,OPG,Observación sintética tipo Observación Preventiva de Gestión,Acción sintética registrada.
OBS_000350,1/30/2025,12,Jueves,T1D,TME,STM_ROL_02,OCC,Observación sintética tipo Observación de Condición Crítica,Acción sintética registrada.
OBS_000351,1/31/2025,12,Viernes,T1D,PLC,TME_ROL_02,OPG,Observación sintética tipo Observación Preventiva de Gestión,Acción sintética registrada.
OBS_000352,1/31/2025,12,Viernes,T1D,MRA,TME_ROL_01,OPG,Observación sintética tipo Observación Preventiva de Gestión,Acción sintética registrada.
OBS_000353,1/31/2025,12,Viernes,T2N,STM,CHP_ROL_01,OPG,Observación sintética tipo Observación Preventiva de Gestión,Acción sintética registrada.
OBS_000354,2/1/2025,12,Sábado,T1D,CHP,PLC_ROL_01,OPG,Observación sintética tipo Observación Preventiva de Gestión,Acción sintética registrada.
OBS_000355,2/1/2025,12,Sábado,T2N,PLC,PLC_ROL_01,OPG,Observación sintética tipo Observación Preventiva de Gestión,Acción sintética registrada.
OBS_000356,2/1/2025,12,Sábado,T2N,CHP,TME_ROL_01,OPG,Observación sintética tipo Observación Preventiva de Gestión,Acción sintética registrada.
OBS_000357,2/1/2025,12,Sábado,T2N,TME,TME_ROL_02,OPG,Observación sintética tipo Observación Preventiva de Gestión,Acción sintética registrada.
OBS_000358,2/1/2025,12,Sábado,T1D,STM,MRA_ROL_02,OPG,Observación sintética tipo Observación Preventiva de Gestión,Acción sintética registrada.
OBS_000359,2/1/2025,12,Sábado,T1D,CHP,STM_ROL_01,OPG,Observación sintética tipo Observación Preventiva de Gestión,Acción sintética registrada.
OBS_000360,2/1/2025,12,Sábado,T2N,MRA,STM_ROL_01,OPG,Observación sintética tipo Observación Preventiva de Gestión,Acción sintética registrada.
OBS_000361,2/2/2025,12,Domingo,T1D,TME,PLC_ROL_01,OPG,Observación sintética tipo Observación Preventiva de Gestión,Acción sintética registrada.
OBS_000362,2/2/2025,12,Domingo,T1D,STM,TME_ROL_02,OPG,Observación sintética tipo Observación Preventiva de Gestión,Acción sintética registrada.
OBS_000363,2/2/2025,12,Domingo,T2N,PLC,STM_ROL_01,OCC,Observación sintética tipo Observación de Condición Crítica,Acción sintética registrada.
OBS_000364,2/2/2025,12,Domingo,T2N,MRA,CHP_ROL_02,OCC,Observación sintética tipo Observación de Condición Crítica,Acción sintética registrada.
OBS_000365,2/2/2025,12,Domingo,T2N,MRA,PLC_ROL_02,OCC,Observación sintética tipo Observación de Condición Crítica,Acción sintética registrada.
OBS_000366,2/2/2025,12,Domingo,T2N,PLC,CHP_ROL_02,OCC,Observación sintética tipo Observación de Condición Crítica,Acción sintética registrada.
